0,1,0,1,0,5,0,2.5,0,0,0,0
1,2,0,1,0,5,0,7.5,0,0,0,0
2,3,0,1,0,5,0,12.5,0,0,0,0
3,4,0,1,0,5,0,17.5,0,0,0,0
4,5,0,1,0,5,0,22.5,0,0,0,0
5,6,0,1,0,5,0,27.5,0,0,0,0
6,7,0,1,0,5,0,32.5,0,0,0,0
7,8,0,1,0,5,0,37.5,0,0,0,0
8,9,0,1,0,5,0,42.5,0,0,0,0
9,10,0,1,0,5,0,47.5,0,0,0,0
10,11,0,1,0,5,0,52.5,0,0,0,0
11,12,0,1,0,5,0,57.5,0,0,0,0
12,13,0,1,0,5,0,62.5,0,0,0,0
13,14,0,1,0,5,0,67.5,0,0,0,0
14,15,0,1,0,5,0,72.5,0,0,0,0
15,16,0,1,0,5,0,77.5,0,0,0,0
16,17,0,1,0,5,0,82.5,0,0,0,0
17,18,0,1,0,5,0,87.5,0,0,0,0
18,19,0,1,0,5,0,92.5,0,0,0,0
19,20,0,1,0,5,0,97.5,0,0,0,0
20,21,0,1,0,5,0,102.5,0,0,0,0
21,22,0,1,0,5,0,107.5,0,0,0,0
22,23,0,1,0,5,0,112.5,0,0,0,0
23,24,0,1,0,5,0,117.5,0,0,0,0
0,25,1,0,0,5,2.5,0,0,3,58,0
0,25,1,0,0,5,2.5,0,0,3,58,0
0,26,0.707106781186548,0.707106781186548,0,7.07106781186547,2.5,2.5,0,2,1,0
2,26,0.707106781186548,-0.707106781186548,0,7.07106781186547,2.5,7.5,0,1,2,0
2,27,1,0,0,5,2.5,10,0,3,60,0
2,27,1,0,0,5,2.5,10,0,3,60,0
2,28,0.707106781186548,0.707106781186548,0,7.07106781186547,2.5,12.5,0,2,3,0
4,28,0.707106781186548,-0.707106781186548,0,7.07106781186547,2.5,17.5,0,1,4,0
4,29,1,0,0,5,2.5,20,0,3,61,0
4,29,1,0,0,5,2.5,20,0,3,61,0
4,30,0.707106781186548,0.707106781186548,0,7.07106781186547,2.5,22.5,0,2,5,0
6,30,0.707106781186548,-0.707106781186548,0,7.07106781186547,2.5,27.5,0,1,6,0
6,31,1,0,0,5,2.5,30,0,3,62,0
6,31,1,0,0,5,2.5,30,0,3,62,0
6,32,0.707106781186548,0.707106781186548,0,7.07106781186547,2.5,32.5,0,2,7,0
8,32,0.707106781186548,-0.707106781186548,0,7.07106781186547,2.5,37.5,0,1,8,0
8,33,1,0,0,5,2.5,40,0,3,63,0
8,33,1,0,0,5,2.5,40,0,3,63,0
8,34,0.707106781186548,0.707106781186548,0,7.07106781186547,2.5,42.5,0,2,9,0
10,34,0.707106781186548,-0.707106781186548,0,7.07106781186547,2.5,47.5,0,1,10,0
10,35,1,0,0,5,2.5,50,0,3,64,0
10,35,1,0,0,5,2.5,50,0,3,64,0
10,36,0.707106781186548,0.707106781186548,0,7.07106781186547,2.5,52.5,0,2,11,0
12,36,0.707106781186548,-0.707106781186548,0,7.07106781186547,2.5,57.5,0,1,12,0
12,37,1,0,0,5,2.5,60,0,3,65,0
12,37,1,0,0,5,2.5,60,0,3,65,0
12,38,0.707106781186548,0.707106781186548,0,7.07106781186547,2.5,62.5,0,2,13,0
14,38,0.707106781186548,-0.707106781186548,0,7.07106781186547,2.5,67.5,0,1,15,0
14,39,1,0,0,5,2.5,70,0,3,66,0
14,39,1,0,0,5,2.5,70,0,3,66,0
14,40,0.707106781186548,0.707106781186548,0,7.07106781186547,2.5,72.5,0,2,14,0
16,40,0.707106781186548,-0.707106781186548,0,7.07106781186547,2.5,77.5,0,1,17,0
16,41,1,0,0,5,2.5,80,0,3,67,0
16,41,1,0,0,5,2.5,80,0,3,67,0
16,42,0.707106781186548,0.707106781186548,0,7.07106781186547,2.5,82.5,0,2,16,0
18,42,0.707106781186548,-0.707106781186548,0,7.07106781186547,2.5,87.5,0,1,19,0
18,43,1,0,0,5,2.5,90,0,3,68,0
18,43,1,0,0,5,2.5,90,0,3,68,0
18,44,0.707106781186548,0.707106781186548,0,7.07106781186547,2.5,92.5,0,2,18,0
20,44,0.707106781186548,-0.707106781186548,0,7.07106781186547,2.5,97.5,0,1,21,0
20,45,1,0,0,5,2.5,100,0,3,69,0
20,45,1,0,0,5,2.5,100,0,3,69,0
20,46,0.707106781186548,0.707106781186548,0,7.07106781186547,2.5,102.5,0,2,20,0
22,46,0.707106781186548,-0.707106781186548,0,7.07106781186547,2.5,107.5,0,1,23,0
22,47,1,0,0,5,2.5,110,0,3,70,0
22,47,1,0,0,5,2.5,110,0,3,70,0
22,48,0.707106781186548,0.707106781186548,0,7.07106781186547,2.5,112.5,0,2,22,0
24,48,0.707106781186548,-0.707106781186548,0,7.07106781186547,2.5,117.5,0,1,24,0
24,49,1,0,0,5,2.5,120,0,3,71,0
24,49,1,0,0,5,2.5,120,0,3,71,0
25,50,1,0,0,5,7.5,0,0,3,58,0
25,50,1,0,0,5,7.5,0,0,3,58,0
26,50,0.707106781186548,-0.707106781186548,0,7.07106781186547,7.5,2.5,0,1,2,0
26,52,0.707106781186548,0.707106781186548,0,7.07106781186547,7.5,7.5,0,2,1,0
27,52,1,0,0,5,7.5,10,0,3,60,0
27,52,1,0,0,5,7.5,10,0,3,60,0
28,52,0.707106781186548,-0.707106781186548,0,7.07106781186547,7.5,12.5,0,1,4,0
28,54,0.707106781186548,0.707106781186548,0,7.07106781186547,7.5,17.5,0,2,3,0
29,54,1,0,0,5,7.5,20,0,3,61,0
29,54,1,0,0,5,7.5,20,0,3,61,0
30,54,0.707106781186548,-0.707106781186548,0,7.07106781186547,7.5,22.5,0,1,6,0
30,56,0.707106781186548,0.707106781186548,0,7.07106781186547,7.5,27.5,0,2,5,0
31,56,1,0,0,5,7.5,30,0,3,62,0
31,56,1,0,0,5,7.5,30,0,3,62,0
32,56,0.707106781186548,-0.707106781186548,0,7.07106781186547,7.5,32.5,0,1,8,0
32,58,0.707106781186548,0.707106781186548,0,7.07106781186547,7.5,37.5,0,2,7,0
33,58,1,0,0,5,7.5,40,0,3,63,0
33,58,1,0,0,5,7.5,40,0,3,63,0
34,58,0.707106781186548,-0.707106781186548,0,7.07106781186547,7.5,42.5,0,1,10,0
34,60,0.707106781186548,0.707106781186548,0,7.07106781186547,7.5,47.5,0,2,9,0
35,60,1,0,0,5,7.5,50,0,3,64,0
35,60,1,0,0,5,7.5,50,0,3,64,0
36,60,0.707106781186548,-0.707106781186548,0,7.07106781186547,7.5,52.5,0,1,12,0
36,62,0.707106781186548,0.707106781186548,0,7.07106781186547,7.5,57.5,0,2,11,0
37,62,1,0,0,5,7.5,60,0,3,65,0
37,62,1,0,0,5,7.5,60,0,3,65,0
38,62,0.707106781186548,-0.707106781186548,0,7.07106781186547,7.5,62.5,0,1,15,0
38,64,0.707106781186548,0.707106781186548,0,7.07106781186547,7.5,67.5,0,2,13,0
39,64,1,0,0,5,7.5,70,0,3,66,0
39,64,1,0,0,5,7.5,70,0,3,66,0
40,64,0.707106781186548,-0.707106781186548,0,7.07106781186547,7.5,72.5,0,1,17,0
40,66,0.707106781186548,0.707106781186548,0,7.07106781186547,7.5,77.5,0,2,14,0
41,66,1,0,0,5,7.5,80,0,3,67,0
41,66,1,0,0,5,7.5,80,0,3,67,0
42,66,0.707106781186548,-0.707106781186548,0,7.07106781186547,7.5,82.5,0,1,19,0
42,68,0.707106781186548,0.707106781186548,0,7.07106781186547,7.5,87.5,0,2,16,0
43,68,1,0,0,5,7.5,90,0,3,68,0
43,68,1,0,0,5,7.5,90,0,3,68,0
44,68,0.707106781186548,-0.707106781186548,0,7.07106781186547,7.5,92.5,0,1,21,0
44,70,0.707106781186548,0.707106781186548,0,7.07106781186547,7.5,97.5,0,2,18,0
45,70,1,0,0,5,7.5,100,0,3,69,0
45,70,1,0,0,5,7.5,100,0,3,69,0
46,70,0.707106781186548,-0.707106781186548,0,7.07106781186547,7.5,102.5,0,1,23,0
46,72,0.707106781186548,0.707106781186548,0,7.07106781186547,7.5,107.5,0,2,20,0
47,72,1,0,0,5,7.5,110,0,3,70,0
47,72,1,0,0,5,7.5,110,0,3,70,0
48,72,0.707106781186548,-0.707106781186548,0,7.07106781186547,7.5,112.5,0,1,24,0
48,74,0.707106781186548,0.707106781186548,0,7.07106781186547,7.5,117.5,0,2,22,0
49,74,1,0,0,5,7.5,120,0,3,71,0
49,74,1,0,0,5,7.5,120,0,3,71,0
50,51,0,1,0,5,10,2.5,0,0,25,0
51,52,0,1,0,5,10,7.5,0,0,25,0
52,53,0,1,0,5,10,12.5,0,0,25,0
53,54,0,1,0,5,10,17.5,0,0,25,0
54,55,0,1,0,5,10,22.5,0,0,25,0
55,56,0,1,0,5,10,27.5,0,0,25,0
56,57,0,1,0,5,10,32.5,0,0,25,0
57,58,0,1,0,5,10,37.5,0,0,25,0
58,59,0,1,0,5,10,42.5,0,0,25,0
59,60,0,1,0,5,10,47.5,0,0,25,0
60,61,0,1,0,5,10,52.5,0,0,25,0
61,62,0,1,0,5,10,57.5,0,0,25,0
62,63,0,1,0,5,10,62.5,0,0,25,0
63,64,0,1,0,5,10,67.5,0,0,25,0
64,65,0,1,0,5,10,72.5,0,0,25,0
65,66,0,1,0,5,10,77.5,0,0,25,0
66,67,0,1,0,5,10,82.5,0,0,25,0
67,68,0,1,0,5,10,87.5,0,0,25,0
68,69,0,1,0,5,10,92.5,0,0,25,0
69,70,0,1,0,5,10,97.5,0,0,25,0
70,71,0,1,0,5,10,102.5,0,0,25,0
71,72,0,1,0,5,10,107.5,0,0,25,0
72,73,0,1,0,5,10,112.5,0,0,25,0
73,74,0,1,0,5,10,117.5,0,0,25,0
50,75,1,0,0,5,12.5,0,0,3,58,0
50,75,1,0,0,5,12.5,0,0,3,58,0
50,76,0.707106781186548,0.707106781186548,0,7.07106781186547,12.5,2.5,0,2,26,0
52,76,0.707106781186548,-0.707106781186548,0,7.07106781186547,12.5,7.5,0,1,4,0
52,77,1,0,0,5,12.5,10,0,3,60,0
52,77,1,0,0,5,12.5,10,0,3,60,0
52,78,0.707106781186548,0.707106781186548,0,7.07106781186547,12.5,12.5,0,2,1,0
54,78,0.707106781186548,-0.707106781186548,0,7.07106781186547,12.5,17.5,0,1,6,0
54,79,1,0,0,5,12.5,20,0,3,61,0
54,79,1,0,0,5,12.5,20,0,3,61,0
54,80,0.707106781186548,0.707106781186548,0,7.07106781186547,12.5,22.5,0,2,3,0
56,80,0.707106781186548,-0.707106781186548,0,7.07106781186547,12.5,27.5,0,1,8,0
56,81,1,0,0,5,12.5,30,0,3,62,0
56,81,1,0,0,5,12.5,30,0,3,62,0
56,82,0.707106781186548,0.707106781186548,0,7.07106781186547,12.5,32.5,0,2,5,0
58,82,0.707106781186548,-0.707106781186548,0,7.07106781186547,12.5,37.5,0,1,10,0
58,83,1,0,0,5,12.5,40,0,3,63,0
58,83,1,0,0,5,12.5,40,0,3,63,0
58,84,0.707106781186548,0.707106781186548,0,7.07106781186547,12.5,42.5,0,2,7,0
60,84,0.707106781186548,-0.707106781186548,0,7.07106781186547,12.5,47.5,0,1,12,0
60,85,1,0,0,5,12.5,50,0,3,64,0
60,85,1,0,0,5,12.5,50,0,3,64,0
60,86,0.707106781186548,0.707106781186548,0,7.07106781186547,12.5,52.5,0,2,9,0
62,86,0.707106781186548,-0.707106781186548,0,7.07106781186547,12.5,57.5,0,1,15,0
62,87,1,0,0,5,12.5,60,0,3,65,0
62,87,1,0,0,5,12.5,60,0,3,65,0
62,88,0.707106781186548,0.707106781186548,0,7.07106781186547,12.5,62.5,0,2,11,0
64,88,0.707106781186548,-0.707106781186548,0,7.07106781186547,12.5,67.5,0,1,17,0
64,89,1,0,0,5,12.5,70,0,3,66,0
64,89,1,0,0,5,12.5,70,0,3,66,0
64,90,0.707106781186548,0.707106781186548,0,7.07106781186547,12.5,72.5,0,2,13,0
66,90,0.707106781186548,-0.707106781186548,0,7.07106781186547,12.5,77.5,0,1,19,0
66,91,1,0,0,5,12.5,80,0,3,67,0
66,91,1,0,0,5,12.5,80,0,3,67,0
66,92,0.707106781186548,0.707106781186548,0,7.07106781186547,12.5,82.5,0,2,14,0
68,92,0.707106781186548,-0.707106781186548,0,7.07106781186547,12.5,87.5,0,1,21,0
68,93,1,0,0,5,12.5,90,0,3,68,0
68,93,1,0,0,5,12.5,90,0,3,68,0
68,94,0.707106781186548,0.707106781186548,0,7.07106781186547,12.5,92.5,0,2,16,0
70,94,0.707106781186548,-0.707106781186548,0,7.07106781186547,12.5,97.5,0,1,23,0
70,95,1,0,0,5,12.5,100,0,3,69,0
70,95,1,0,0,5,12.5,100,0,3,69,0
70,96,0.707106781186548,0.707106781186548,0,7.07106781186547,12.5,102.5,0,2,18,0
72,96,0.707106781186548,-0.707106781186548,0,7.07106781186547,12.5,107.5,0,1,24,0
72,97,1,0,0,5,12.5,110,0,3,70,0
72,97,1,0,0,5,12.5,110,0,3,70,0
72,98,0.707106781186548,0.707106781186548,0,7.07106781186547,12.5,112.5,0,2,20,0
74,98,0.707106781186548,-0.707106781186548,0,7.07106781186547,12.5,117.5,0,1,27,0
74,99,1,0,0,5,12.5,120,0,3,71,0
74,99,1,0,0,5,12.5,120,0,3,71,0
75,100,1,0,0,5,17.5,0,0,3,58,0
75,100,1,0,0,5,17.5,0,0,3,58,0
76,100,0.707106781186548,-0.707106781186548,0,7.07106781186547,17.5,2.5,0,1,4,0
76,102,0.707106781186548,0.707106781186548,0,7.07106781186547,17.5,7.5,0,2,26,0
77,102,1,0,0,5,17.5,10,0,3,60,0
77,102,1,0,0,5,17.5,10,0,3,60,0
78,102,0.707106781186548,-0.707106781186548,0,7.07106781186547,17.5,12.5,0,1,6,0
78,104,0.707106781186548,0.707106781186548,0,7.07106781186547,17.5,17.5,0,2,1,0
79,104,1,0,0,5,17.5,20,0,3,61,0
79,104,1,0,0,5,17.5,20,0,3,61,0
80,104,0.707106781186548,-0.707106781186548,0,7.07106781186547,17.5,22.5,0,1,8,0
80,106,0.707106781186548,0.707106781186548,0,7.07106781186547,17.5,27.5,0,2,3,0
81,106,1,0,0,5,17.5,30,0,3,62,0
81,106,1,0,0,5,17.5,30,0,3,62,0
82,106,0.707106781186548,-0.707106781186548,0,7.07106781186547,17.5,32.5,0,1,10,0
82,108,0.707106781186548,0.707106781186548,0,7.07106781186547,17.5,37.5,0,2,5,0
83,108,1,0,0,5,17.5,40,0,3,63,0
83,108,1,0,0,5,17.5,40,0,3,63,0
84,108,0.707106781186548,-0.707106781186548,0,7.07106781186547,17.5,42.5,0,1,12,0
84,110,0.707106781186548,0.707106781186548,0,7.07106781186547,17.5,47.5,0,2,7,0
85,110,1,0,0,5,17.5,50,0,3,64,0
85,110,1,0,0,5,17.5,50,0,3,64,0
86,110,0.707106781186548,-0.707106781186548,0,7.07106781186547,17.5,52.5,0,1,15,0
86,112,0.707106781186548,0.707106781186548,0,7.07106781186547,17.5,57.5,0,2,9,0
87,112,1,0,0,5,17.5,60,0,3,65,0
87,112,1,0,0,5,17.5,60,0,3,65,0
88,112,0.707106781186548,-0.707106781186548,0,7.07106781186547,17.5,62.5,0,1,17,0
88,114,0.707106781186548,0.707106781186548,0,7.07106781186547,17.5,67.5,0,2,11,0
89,114,1,0,0,5,17.5,70,0,3,66,0
89,114,1,0,0,5,17.5,70,0,3,66,0
90,114,0.707106781186548,-0.707106781186548,0,7.07106781186547,17.5,72.5,0,1,19,0
90,116,0.707106781186548,0.707106781186548,0,7.07106781186547,17.5,77.5,0,2,13,0
91,116,1,0,0,5,17.5,80,0,3,67,0
91,116,1,0,0,5,17.5,80,0,3,67,0
92,116,0.707106781186548,-0.707106781186548,0,7.07106781186547,17.5,82.5,0,1,21,0
92,118,0.707106781186548,0.707106781186548,0,7.07106781186547,17.5,87.5,0,2,14,0
93,118,1,0,0,5,17.5,90,0,3,68,0
93,118,1,0,0,5,17.5,90,0,3,68,0
94,118,0.707106781186548,-0.707106781186548,0,7.07106781186547,17.5,92.5,0,1,23,0
94,120,0.707106781186548,0.707106781186548,0,7.07106781186547,17.5,97.5,0,2,16,0
95,120,1,0,0,5,17.5,100,0,3,69,0
95,120,1,0,0,5,17.5,100,0,3,69,0
96,120,0.707106781186548,-0.707106781186548,0,7.07106781186547,17.5,102.5,0,1,24,0
96,122,0.707106781186548,0.707106781186548,0,7.07106781186547,17.5,107.5,0,2,18,0
97,122,1,0,0,5,17.5,110,0,3,70,0
97,122,1,0,0,5,17.5,110,0,3,70,0
98,122,0.707106781186548,-0.707106781186548,0,7.07106781186547,17.5,112.5,0,1,27,0
98,124,0.707106781186548,0.707106781186548,0,7.07106781186547,17.5,117.5,0,2,20,0
99,124,1,0,0,5,17.5,120,0,3,71,0
99,124,1,0,0,5,17.5,120,0,3,71,0
100,101,0,1,0,5,20,2.5,0,0,28,0
101,102,0,1,0,5,20,7.5,0,0,28,0
102,103,0,1,0,5,20,12.5,0,0,28,0
103,104,0,1,0,5,20,17.5,0,0,28,0
104,105,0,1,0,5,20,22.5,0,0,28,0
105,106,0,1,0,5,20,27.5,0,0,28,0
106,107,0,1,0,5,20,32.5,0,0,28,0
107,108,0,1,0,5,20,37.5,0,0,28,0
108,109,0,1,0,5,20,42.5,0,0,28,0
109,110,0,1,0,5,20,47.5,0,0,28,0
110,111,0,1,0,5,20,52.5,0,0,28,0
111,112,0,1,0,5,20,57.5,0,0,28,0
112,113,0,1,0,5,20,62.5,0,0,28,0
113,114,0,1,0,5,20,67.5,0,0,28,0
114,115,0,1,0,5,20,72.5,0,0,28,0
115,116,0,1,0,5,20,77.5,0,0,28,0
116,117,0,1,0,5,20,82.5,0,0,28,0
117,118,0,1,0,5,20,87.5,0,0,28,0
118,119,0,1,0,5,20,92.5,0,0,28,0
119,120,0,1,0,5,20,97.5,0,0,28,0
120,121,0,1,0,5,20,102.5,0,0,28,0
121,122,0,1,0,5,20,107.5,0,0,28,0
122,123,0,1,0,5,20,112.5,0,0,28,0
123,124,0,1,0,5,20,117.5,0,0,28,0
100,125,1,0,0,5,22.5,0,0,3,58,0
100,125,1,0,0,5,22.5,0,0,3,58,0
100,126,0.707106781186548,0.707106781186548,0,7.07106781186547,22.5,2.5,0,2,29,0
102,126,0.707106781186548,-0.707106781186548,0,7.07106781186547,22.5,7.5,0,1,6,0
102,127,1,0,0,5,22.5,10,0,3,60,0
102,127,1,0,0,5,22.5,10,0,3,60,0
102,128,0.707106781186548,0.707106781186548,0,7.07106781186547,22.5,12.5,0,2,26,0
104,128,0.707106781186548,-0.707106781186548,0,7.07106781186547,22.5,17.5,0,1,8,0
104,129,1,0,0,5,22.5,20,0,3,61,0
104,129,1,0,0,5,22.5,20,0,3,61,0
104,130,0.707106781186548,0.707106781186548,0,7.07106781186547,22.5,22.5,0,2,1,0
106,130,0.707106781186548,-0.707106781186548,0,7.07106781186547,22.5,27.5,0,1,10,0
106,131,1,0,0,5,22.5,30,0,3,62,0
106,131,1,0,0,5,22.5,30,0,3,62,0
106,132,0.707106781186548,0.707106781186548,0,7.07106781186547,22.5,32.5,0,2,3,0
108,132,0.707106781186548,-0.707106781186548,0,7.07106781186547,22.5,37.5,0,1,12,0
108,133,1,0,0,5,22.5,40,0,3,63,0
108,133,1,0,0,5,22.5,40,0,3,63,0
108,134,0.707106781186548,0.707106781186548,0,7.07106781186547,22.5,42.5,0,2,5,0
110,134,0.707106781186548,-0.707106781186548,0,7.07106781186547,22.5,47.5,0,1,15,0
110,135,1,0,0,5,22.5,50,0,3,64,0
110,135,1,0,0,5,22.5,50,0,3,64,0
110,136,0.707106781186548,0.707106781186548,0,7.07106781186547,22.5,52.5,0,2,7,0
112,136,0.707106781186548,-0.707106781186548,0,7.07106781186547,22.5,57.5,0,1,17,0
112,137,1,0,0,5,22.5,60,0,3,65,0
112,137,1,0,0,5,22.5,60,0,3,65,0
112,138,0.707106781186548,0.707106781186548,0,7.07106781186547,22.5,62.5,0,2,9,0
114,138,0.707106781186548,-0.707106781186548,0,7.07106781186547,22.5,67.5,0,1,19,0
114,139,1,0,0,5,22.5,70,0,3,66,0
114,139,1,0,0,5,22.5,70,0,3,66,0
114,140,0.707106781186548,0.707106781186548,0,7.07106781186547,22.5,72.5,0,2,11,0
116,140,0.707106781186548,-0.707106781186548,0,7.07106781186547,22.5,77.5,0,1,21,0
116,141,1,0,0,5,22.5,80,0,3,67,0
116,141,1,0,0,5,22.5,80,0,3,67,0
116,142,0.707106781186548,0.707106781186548,0,7.07106781186547,22.5,82.5,0,2,13,0
118,142,0.707106781186548,-0.707106781186548,0,7.07106781186547,22.5,87.5,0,1,23,0
118,143,1,0,0,5,22.5,90,0,3,68,0
118,143,1,0,0,5,22.5,90,0,3,68,0
118,144,0.707106781186548,0.707106781186548,0,7.07106781186547,22.5,92.5,0,2,14,0
120,144,0.707106781186548,-0.707106781186548,0,7.07106781186547,22.5,97.5,0,1,24,0
120,145,1,0,0,5,22.5,100,0,3,69,0
120,145,1,0,0,5,22.5,100,0,3,69,0
120,146,0.707106781186548,0.707106781186548,0,7.07106781186547,22.5,102.5,0,2,16,0
122,146,0.707106781186548,-0.707106781186548,0,7.07106781186547,22.5,107.5,0,1,27,0
122,147,1,0,0,5,22.5,110,0,3,70,0
122,147,1,0,0,5,22.5,110,0,3,70,0
122,148,0.707106781186548,0.707106781186548,0,7.07106781186547,22.5,112.5,0,2,18,0
124,148,0.707106781186548,-0.707106781186548,0,7.07106781186547,22.5,117.5,0,1,30,0
124,149,1,0,0,5,22.5,120,0,3,71,0
124,149,1,0,0,5,22.5,120,0,3,71,0
125,150,1,0,0,5,27.5,0,0,3,58,0
125,150,1,0,0,5,27.5,0,0,3,58,0
126,150,0.707106781186548,-0.707106781186548,0,7.07106781186547,27.5,2.5,0,1,6,0
126,152,0.707106781186548,0.707106781186548,0,7.07106781186547,27.5,7.5,0,2,29,0
127,152,1,0,0,5,27.5,10,0,3,60,0
127,152,1,0,0,5,27.5,10,0,3,60,0
128,152,0.707106781186548,-0.707106781186548,0,7.07106781186547,27.5,12.5,0,1,8,0
128,154,0.707106781186548,0.707106781186548,0,7.07106781186547,27.5,17.5,0,2,26,0
129,154,1,0,0,5,27.5,20,0,3,61,0
129,154,1,0,0,5,27.5,20,0,3,61,0
130,154,0.707106781186548,-0.707106781186548,0,7.07106781186547,27.5,22.5,0,1,10,0
130,156,0.707106781186548,0.707106781186548,0,7.07106781186547,27.5,27.5,0,2,1,0
131,156,1,0,0,5,27.5,30,0,3,62,0
131,156,1,0,0,5,27.5,30,0,3,62,0
132,156,0.707106781186548,-0.707106781186548,0,7.07106781186547,27.5,32.5,0,1,12,0
132,158,0.707106781186548,0.707106781186548,0,7.07106781186547,27.5,37.5,0,2,3,0
133,158,1,0,0,5,27.5,40,0,3,63,0
133,158,1,0,0,5,27.5,40,0,3,63,0
134,158,0.707106781186548,-0.707106781186548,0,7.07106781186547,27.5,42.5,0,1,15,0
134,160,0.707106781186548,0.707106781186548,0,7.07106781186547,27.5,47.5,0,2,5,0
135,160,1,0,0,5,27.5,50,0,3,64,0
135,160,1,0,0,5,27.5,50,0,3,64,0
136,160,0.707106781186548,-0.707106781186548,0,7.07106781186547,27.5,52.5,0,1,17,0
136,162,0.707106781186548,0.707106781186548,0,7.07106781186547,27.5,57.5,0,2,7,0
137,162,1,0,0,5,27.5,60,0,3,65,0
137,162,1,0,0,5,27.5,60,0,3,65,0
138,162,0.707106781186548,-0.707106781186548,0,7.07106781186547,27.5,62.5,0,1,19,0
138,164,0.707106781186548,0.707106781186548,0,7.07106781186547,27.5,67.5,0,2,9,0
139,164,1,0,0,5,27.5,70,0,3,66,0
139,164,1,0,0,5,27.5,70,0,3,66,0
140,164,0.707106781186548,-0.707106781186548,0,7.07106781186547,27.5,72.5,0,1,21,0
140,166,0.707106781186548,0.707106781186548,0,7.07106781186547,27.5,77.5,0,2,11,0
141,166,1,0,0,5,27.5,80,0,3,67,0
141,166,1,0,0,5,27.5,80,0,3,67,0
142,166,0.707106781186548,-0.707106781186548,0,7.07106781186547,27.5,82.5,0,1,23,0
142,168,0.707106781186548,0.707106781186548,0,7.07106781186547,27.5,87.5,0,2,13,0
143,168,1,0,0,5,27.5,90,0,3,68,0
143,168,1,0,0,5,27.5,90,0,3,68,0
144,168,0.707106781186548,-0.707106781186548,0,7.07106781186547,27.5,92.5,0,1,24,0
144,170,0.707106781186548,0.707106781186548,0,7.07106781186547,27.5,97.5,0,2,14,0
145,170,1,0,0,5,27.5,100,0,3,69,0
145,170,1,0,0,5,27.5,100,0,3,69,0
146,170,0.707106781186548,-0.707106781186548,0,7.07106781186547,27.5,102.5,0,1,27,0
146,172,0.707106781186548,0.707106781186548,0,7.07106781186547,27.5,107.5,0,2,16,0
147,172,1,0,0,5,27.5,110,0,3,70,0
147,172,1,0,0,5,27.5,110,0,3,70,0
148,172,0.707106781186548,-0.707106781186548,0,7.07106781186547,27.5,112.5,0,1,30,0
148,174,0.707106781186548,0.707106781186548,0,7.07106781186547,27.5,117.5,0,2,18,0
149,174,1,0,0,5,27.5,120,0,3,71,0
149,174,1,0,0,5,27.5,120,0,3,71,0
150,151,0,1,0,5,30,2.5,0,0,31,0
151,152,0,1,0,5,30,7.5,0,0,31,0
152,153,0,1,0,5,30,12.5,0,0,31,0
153,154,0,1,0,5,30,17.5,0,0,31,0
154,155,0,1,0,5,30,22.5,0,0,31,0
155,156,0,1,0,5,30,27.5,0,0,31,0
156,157,0,1,0,5,30,32.5,0,0,31,0
157,158,0,1,0,5,30,37.5,0,0,31,0
158,159,0,1,0,5,30,42.5,0,0,31,0
159,160,0,1,0,5,30,47.5,0,0,31,0
160,161,0,1,0,5,30,52.5,0,0,31,0
161,162,0,1,0,5,30,57.5,0,0,31,0
162,163,0,1,0,5,30,62.5,0,0,31,0
163,164,0,1,0,5,30,67.5,0,0,31,0
164,165,0,1,0,5,30,72.5,0,0,31,0
165,166,0,1,0,5,30,77.5,0,0,31,0
166,167,0,1,0,5,30,82.5,0,0,31,0
167,168,0,1,0,5,30,87.5,0,0,31,0
168,169,0,1,0,5,30,92.5,0,0,31,0
169,170,0,1,0,5,30,97.5,0,0,31,0
170,171,0,1,0,5,30,102.5,0,0,31,0
171,172,0,1,0,5,30,107.5,0,0,31,0
172,173,0,1,0,5,30,112.5,0,0,31,0
173,174,0,1,0,5,30,117.5,0,0,31,0
150,175,1,0,0,5,32.5,0,0,3,58,0
150,175,1,0,0,5,32.5,0,0,3,58,0
150,176,0.707106781186548,0.707106781186548,0,7.07106781186547,32.5,2.5,0,2,32,0
152,176,0.707106781186548,-0.707106781186548,0,7.07106781186547,32.5,7.5,0,1,8,0
152,177,1,0,0,5,32.5,10,0,3,60,0
152,177,1,0,0,5,32.5,10,0,3,60,0
152,178,0.707106781186548,0.707106781186548,0,7.07106781186547,32.5,12.5,0,2,29,0
154,178,0.707106781186548,-0.707106781186548,0,7.07106781186547,32.5,17.5,0,1,10,0
154,179,1,0,0,5,32.5,20,0,3,61,0
154,179,1,0,0,5,32.5,20,0,3,61,0
154,180,0.707106781186548,0.707106781186548,0,7.07106781186547,32.5,22.5,0,2,26,0
156,180,0.707106781186548,-0.707106781186548,0,7.07106781186547,32.5,27.5,0,1,12,0
156,181,1,0,0,5,32.5,30,0,3,62,0
156,181,1,0,0,5,32.5,30,0,3,62,0
156,182,0.707106781186548,0.707106781186548,0,7.07106781186547,32.5,32.5,0,2,1,0
158,182,0.707106781186548,-0.707106781186548,0,7.07106781186547,32.5,37.5,0,1,15,0
158,183,1,0,0,5,32.5,40,0,3,63,0
158,183,1,0,0,5,32.5,40,0,3,63,0
158,184,0.707106781186548,0.707106781186548,0,7.07106781186547,32.5,42.5,0,2,3,0
160,184,0.707106781186548,-0.707106781186548,0,7.07106781186547,32.5,47.5,0,1,17,0
160,185,1,0,0,5,32.5,50,0,3,64,0
160,185,1,0,0,5,32.5,50,0,3,64,0
160,186,0.707106781186548,0.707106781186548,0,7.07106781186547,32.5,52.5,0,2,5,0
162,186,0.707106781186548,-0.707106781186548,0,7.07106781186547,32.5,57.5,0,1,19,0
162,187,1,0,0,5,32.5,60,0,3,65,0
162,187,1,0,0,5,32.5,60,0,3,65,0
162,188,0.707106781186548,0.707106781186548,0,7.07106781186547,32.5,62.5,0,2,7,0
164,188,0.707106781186548,-0.707106781186548,0,7.07106781186547,32.5,67.5,0,1,21,0
164,189,1,0,0,5,32.5,70,0,3,66,0
164,189,1,0,0,5,32.5,70,0,3,66,0
164,190,0.707106781186548,0.707106781186548,0,7.07106781186547,32.5,72.5,0,2,9,0
166,190,0.707106781186548,-0.707106781186548,0,7.07106781186547,32.5,77.5,0,1,23,0
166,191,1,0,0,5,32.5,80,0,3,67,0
166,191,1,0,0,5,32.5,80,0,3,67,0
166,192,0.707106781186548,0.707106781186548,0,7.07106781186547,32.5,82.5,0,2,11,0
168,192,0.707106781186548,-0.707106781186548,0,7.07106781186547,32.5,87.5,0,1,24,0
168,193,1,0,0,5,32.5,90,0,3,68,0
168,193,1,0,0,5,32.5,90,0,3,68,0
168,194,0.707106781186548,0.707106781186548,0,7.07106781186547,32.5,92.5,0,2,13,0
170,194,0.707106781186548,-0.707106781186548,0,7.07106781186547,32.5,97.5,0,1,27,0
170,195,1,0,0,5,32.5,100,0,3,69,0
170,195,1,0,0,5,32.5,100,0,3,69,0
170,196,0.707106781186548,0.707106781186548,0,7.07106781186547,32.5,102.5,0,2,14,0
172,196,0.707106781186548,-0.707106781186548,0,7.07106781186547,32.5,107.5,0,1,30,0
172,197,1,0,0,5,32.5,110,0,3,70,0
172,197,1,0,0,5,32.5,110,0,3,70,0
172,198,0.707106781186548,0.707106781186548,0,7.07106781186547,32.5,112.5,0,2,16,0
174,198,0.707106781186548,-0.707106781186548,0,7.07106781186547,32.5,117.5,0,1,33,0
174,199,1,0,0,5,32.5,120,0,3,71,0
174,199,1,0,0,5,32.5,120,0,3,71,0
175,200,1,0,0,5,37.5,0,0,3,58,0
175,200,1,0,0,5,37.5,0,0,3,58,0
176,200,0.707106781186548,-0.707106781186548,0,7.07106781186547,37.5,2.5,0,1,8,0
176,202,0.707106781186548,0.707106781186548,0,7.07106781186547,37.5,7.5,0,2,32,0
177,202,1,0,0,5,37.5,10,0,3,60,0
177,202,1,0,0,5,37.5,10,0,3,60,0
178,202,0.707106781186548,-0.707106781186548,0,7.07106781186547,37.5,12.5,0,1,10,0
178,204,0.707106781186548,0.707106781186548,0,7.07106781186547,37.5,17.5,0,2,29,0
179,204,1,0,0,5,37.5,20,0,3,61,0
179,204,1,0,0,5,37.5,20,0,3,61,0
180,204,0.707106781186548,-0.707106781186548,0,7.07106781186547,37.5,22.5,0,1,12,0
180,206,0.707106781186548,0.707106781186548,0,7.07106781186547,37.5,27.5,0,2,26,0
181,206,1,0,0,5,37.5,30,0,3,62,0
181,206,1,0,0,5,37.5,30,0,3,62,0
182,206,0.707106781186548,-0.707106781186548,0,7.07106781186547,37.5,32.5,0,1,15,0
182,208,0.707106781186548,0.707106781186548,0,7.07106781186547,37.5,37.5,0,2,1,0
183,208,1,0,0,5,37.5,40,0,3,63,0
183,208,1,0,0,5,37.5,40,0,3,63,0
184,208,0.707106781186548,-0.707106781186548,0,7.07106781186547,37.5,42.5,0,1,17,0
184,210,0.707106781186548,0.707106781186548,0,7.07106781186547,37.5,47.5,0,2,3,0
185,210,1,0,0,5,37.5,50,0,3,64,0
185,210,1,0,0,5,37.5,50,0,3,64,0
186,210,0.707106781186548,-0.707106781186548,0,7.07106781186547,37.5,52.5,0,1,19,0
186,212,0.707106781186548,0.707106781186548,0,7.07106781186547,37.5,57.5,0,2,5,0
187,212,1,0,0,5,37.5,60,0,3,65,0
187,212,1,0,0,5,37.5,60,0,3,65,0
188,212,0.707106781186548,-0.707106781186548,0,7.07106781186547,37.5,62.5,0,1,21,0
188,214,0.707106781186548,0.707106781186548,0,7.07106781186547,37.5,67.5,0,2,7,0
189,214,1,0,0,5,37.5,70,0,3,66,0
189,214,1,0,0,5,37.5,70,0,3,66,0
190,214,0.707106781186548,-0.707106781186548,0,7.07106781186547,37.5,72.5,0,1,23,0
190,216,0.707106781186548,0.707106781186548,0,7.07106781186547,37.5,77.5,0,2,9,0
191,216,1,0,0,5,37.5,80,0,3,67,0
191,216,1,0,0,5,37.5,80,0,3,67,0
192,216,0.707106781186548,-0.707106781186548,0,7.07106781186547,37.5,82.5,0,1,24,0
192,218,0.707106781186548,0.707106781186548,0,7.07106781186547,37.5,87.5,0,2,11,0
193,218,1,0,0,5,37.5,90,0,3,68,0
193,218,1,0,0,5,37.5,90,0,3,68,0
194,218,0.707106781186548,-0.707106781186548,0,7.07106781186547,37.5,92.5,0,1,27,0
194,220,0.707106781186548,0.707106781186548,0,7.07106781186547,37.5,97.5,0,2,13,0
195,220,1,0,0,5,37.5,100,0,3,69,0
195,220,1,0,0,5,37.5,100,0,3,69,0
196,220,0.707106781186548,-0.707106781186548,0,7.07106781186547,37.5,102.5,0,1,30,0
196,222,0.707106781186548,0.707106781186548,0,7.07106781186547,37.5,107.5,0,2,14,0
197,222,1,0,0,5,37.5,110,0,3,70,0
197,222,1,0,0,5,37.5,110,0,3,70,0
198,222,0.707106781186548,-0.707106781186548,0,7.07106781186547,37.5,112.5,0,1,33,0
198,224,0.707106781186548,0.707106781186548,0,7.07106781186547,37.5,117.5,0,2,16,0
199,224,1,0,0,5,37.5,120,0,3,71,0
199,224,1,0,0,5,37.5,120,0,3,71,0
200,201,0,1,0,5,40,2.5,0,0,34,0
201,202,0,1,0,5,40,7.5,0,0,34,0
202,203,0,1,0,5,40,12.5,0,0,34,0
203,204,0,1,0,5,40,17.5,0,0,34,0
204,205,0,1,0,5,40,22.5,0,0,34,0
205,206,0,1,0,5,40,27.5,0,0,34,0
206,207,0,1,0,5,40,32.5,0,0,34,0
207,208,0,1,0,5,40,37.5,0,0,34,0
208,209,0,1,0,5,40,42.5,0,0,34,0
209,210,0,1,0,5,40,47.5,0,0,34,0
210,211,0,1,0,5,40,52.5,0,0,34,0
211,212,0,1,0,5,40,57.5,0,0,34,0
212,213,0,1,0,5,40,62.5,0,0,34,0
213,214,0,1,0,5,40,67.5,0,0,34,0
214,215,0,1,0,5,40,72.5,0,0,34,0
215,216,0,1,0,5,40,77.5,0,0,34,0
216,217,0,1,0,5,40,82.5,0,0,34,0
217,218,0,1,0,5,40,87.5,0,0,34,0
218,219,0,1,0,5,40,92.5,0,0,34,0
219,220,0,1,0,5,40,97.5,0,0,34,0
220,221,0,1,0,5,40,102.5,0,0,34,0
221,222,0,1,0,5,40,107.5,0,0,34,0
222,223,0,1,0,5,40,112.5,0,0,34,0
223,224,0,1,0,5,40,117.5,0,0,34,0
200,225,1,0,0,5,42.5,0,0,3,58,0
200,225,1,0,0,5,42.5,0,0,3,58,0
200,226,0.707106781186548,0.707106781186548,0,7.07106781186547,42.5,2.5,0,2,35,0
202,226,0.707106781186548,-0.707106781186548,0,7.07106781186547,42.5,7.5,0,1,10,0
202,227,1,0,0,5,42.5,10,0,3,60,0
202,227,1,0,0,5,42.5,10,0,3,60,0
202,228,0.707106781186548,0.707106781186548,0,7.07106781186547,42.5,12.5,0,2,32,0
204,228,0.707106781186548,-0.707106781186548,0,7.07106781186547,42.5,17.5,0,1,12,0
204,229,1,0,0,5,42.5,20,0,3,61,0
204,229,1,0,0,5,42.5,20,0,3,61,0
204,230,0.707106781186548,0.707106781186548,0,7.07106781186547,42.5,22.5,0,2,29,0
206,230,0.707106781186548,-0.707106781186548,0,7.07106781186547,42.5,27.5,0,1,15,0
206,231,1,0,0,5,42.5,30,0,3,62,0
206,231,1,0,0,5,42.5,30,0,3,62,0
206,232,0.707106781186548,0.707106781186548,0,7.07106781186547,42.5,32.5,0,2,26,0
208,232,0.707106781186548,-0.707106781186548,0,7.07106781186547,42.5,37.5,0,1,17,0
208,233,1,0,0,5,42.5,40,0,3,63,0
208,233,1,0,0,5,42.5,40,0,3,63,0
208,234,0.707106781186548,0.707106781186548,0,7.07106781186547,42.5,42.5,0,2,1,0
210,234,0.707106781186548,-0.707106781186548,0,7.07106781186547,42.5,47.5,0,1,19,0
210,235,1,0,0,5,42.5,50,0,3,64,0
210,235,1,0,0,5,42.5,50,0,3,64,0
210,236,0.707106781186548,0.707106781186548,0,7.07106781186547,42.5,52.5,0,2,3,0
212,236,0.707106781186548,-0.707106781186548,0,7.07106781186547,42.5,57.5,0,1,21,0
212,237,1,0,0,5,42.5,60,0,3,65,0
212,237,1,0,0,5,42.5,60,0,3,65,0
212,238,0.707106781186548,0.707106781186548,0,7.07106781186547,42.5,62.5,0,2,5,0
214,238,0.707106781186548,-0.707106781186548,0,7.07106781186547,42.5,67.5,0,1,23,0
214,239,1,0,0,5,42.5,70,0,3,66,0
214,239,1,0,0,5,42.5,70,0,3,66,0
214,240,0.707106781186548,0.707106781186548,0,7.07106781186547,42.5,72.5,0,2,7,0
216,240,0.707106781186548,-0.707106781186548,0,7.07106781186547,42.5,77.5,0,1,24,0
216,241,1,0,0,5,42.5,80,0,3,67,0
216,241,1,0,0,5,42.5,80,0,3,67,0
216,242,0.707106781186548,0.707106781186548,0,7.07106781186547,42.5,82.5,0,2,9,0
218,242,0.707106781186548,-0.707106781186548,0,7.07106781186547,42.5,87.5,0,1,27,0
218,243,1,0,0,5,42.5,90,0,3,68,0
218,243,1,0,0,5,42.5,90,0,3,68,0
218,244,0.707106781186548,0.707106781186548,0,7.07106781186547,42.5,92.5,0,2,11,0
220,244,0.707106781186548,-0.707106781186548,0,7.07106781186547,42.5,97.5,0,1,30,0
220,245,1,0,0,5,42.5,100,0,3,69,0
220,245,1,0,0,5,42.5,100,0,3,69,0
220,246,0.707106781186548,0.707106781186548,0,7.07106781186547,42.5,102.5,0,2,13,0
222,246,0.707106781186548,-0.707106781186548,0,7.07106781186547,42.5,107.5,0,1,33,0
222,247,1,0,0,5,42.5,110,0,3,70,0
222,247,1,0,0,5,42.5,110,0,3,70,0
222,248,0.707106781186548,0.707106781186548,0,7.07106781186547,42.5,112.5,0,2,14,0
224,248,0.707106781186548,-0.707106781186548,0,7.07106781186547,42.5,117.5,0,1,36,0
224,249,1,0,0,5,42.5,120,0,3,71,0
224,249,1,0,0,5,42.5,120,0,3,71,0
225,250,1,0,0,5,47.5,0,0,3,58,0
225,250,1,0,0,5,47.5,0,0,3,58,0
226,250,0.707106781186548,-0.707106781186548,0,7.07106781186547,47.5,2.5,0,1,10,0
226,252,0.707106781186548,0.707106781186548,0,7.07106781186547,47.5,7.5,0,2,35,0
227,252,1,0,0,5,47.5,10,0,3,60,0
227,252,1,0,0,5,47.5,10,0,3,60,0
228,252,0.707106781186548,-0.707106781186548,0,7.07106781186547,47.5,12.5,0,1,12,0
228,254,0.707106781186548,0.707106781186548,0,7.07106781186547,47.5,17.5,0,2,32,0
229,254,1,0,0,5,47.5,20,0,3,61,0
229,254,1,0,0,5,47.5,20,0,3,61,0
230,254,0.707106781186548,-0.707106781186548,0,7.07106781186547,47.5,22.5,0,1,15,0
230,256,0.707106781186548,0.707106781186548,0,7.07106781186547,47.5,27.5,0,2,29,0
231,256,1,0,0,5,47.5,30,0,3,62,0
231,256,1,0,0,5,47.5,30,0,3,62,0
232,256,0.707106781186548,-0.707106781186548,0,7.07106781186547,47.5,32.5,0,1,17,0
232,258,0.707106781186548,0.707106781186548,0,7.07106781186547,47.5,37.5,0,2,26,0
233,258,1,0,0,5,47.5,40,0,3,63,0
233,258,1,0,0,5,47.5,40,0,3,63,0
234,258,0.707106781186548,-0.707106781186548,0,7.07106781186547,47.5,42.5,0,1,19,0
234,260,0.707106781186548,0.707106781186548,0,7.07106781186547,47.5,47.5,0,2,1,0
235,260,1,0,0,5,47.5,50,0,3,64,0
235,260,1,0,0,5,47.5,50,0,3,64,0
236,260,0.707106781186548,-0.707106781186548,0,7.07106781186547,47.5,52.5,0,1,21,0
236,262,0.707106781186548,0.707106781186548,0,7.07106781186547,47.5,57.5,0,2,3,0
237,262,1,0,0,5,47.5,60,0,3,65,0
237,262,1,0,0,5,47.5,60,0,3,65,0
238,262,0.707106781186548,-0.707106781186548,0,7.07106781186547,47.5,62.5,0,1,23,0
238,264,0.707106781186548,0.707106781186548,0,7.07106781186547,47.5,67.5,0,2,5,0
239,264,1,0,0,5,47.5,70,0,3,66,0
239,264,1,0,0,5,47.5,70,0,3,66,0
240,264,0.707106781186548,-0.707106781186548,0,7.07106781186547,47.5,72.5,0,1,24,0
240,266,0.707106781186548,0.707106781186548,0,7.07106781186547,47.5,77.5,0,2,7,0
241,266,1,0,0,5,47.5,80,0,3,67,0
241,266,1,0,0,5,47.5,80,0,3,67,0
242,266,0.707106781186548,-0.707106781186548,0,7.07106781186547,47.5,82.5,0,1,27,0
242,268,0.707106781186548,0.707106781186548,0,7.07106781186547,47.5,87.5,0,2,9,0
243,268,1,0,0,5,47.5,90,0,3,68,0
243,268,1,0,0,5,47.5,90,0,3,68,0
244,268,0.707106781186548,-0.707106781186548,0,7.07106781186547,47.5,92.5,0,1,30,0
244,270,0.707106781186548,0.707106781186548,0,7.07106781186547,47.5,97.5,0,2,11,0
245,270,1,0,0,5,47.5,100,0,3,69,0
245,270,1,0,0,5,47.5,100,0,3,69,0
246,270,0.707106781186548,-0.707106781186548,0,7.07106781186547,47.5,102.5,0,1,33,0
246,272,0.707106781186548,0.707106781186548,0,7.07106781186547,47.5,107.5,0,2,13,0
247,272,1,0,0,5,47.5,110,0,3,70,0
247,272,1,0,0,5,47.5,110,0,3,70,0
248,272,0.707106781186548,-0.707106781186548,0,7.07106781186547,47.5,112.5,0,1,36,0
248,274,0.707106781186548,0.707106781186548,0,7.07106781186547,47.5,117.5,0,2,14,0
249,274,1,0,0,5,47.5,120,0,3,71,0
249,274,1,0,0,5,47.5,120,0,3,71,0
250,251,0,1,0,5,50,2.5,0,0,37,0
251,252,0,1,0,5,50,7.5,0,0,37,0
252,253,0,1,0,5,50,12.5,0,0,37,0
253,254,0,1,0,5,50,17.5,0,0,37,0
254,255,0,1,0,5,50,22.5,0,0,37,0
255,256,0,1,0,5,50,27.5,0,0,37,0
256,257,0,1,0,5,50,32.5,0,0,37,0
257,258,0,1,0,5,50,37.5,0,0,37,0
258,259,0,1,0,5,50,42.5,0,0,37,0
259,260,0,1,0,5,50,47.5,0,0,37,0
260,261,0,1,0,5,50,52.5,0,0,37,0
261,262,0,1,0,5,50,57.5,0,0,37,0
262,263,0,1,0,5,50,62.5,0,0,37,0
263,264,0,1,0,5,50,67.5,0,0,37,0
264,265,0,1,0,5,50,72.5,0,0,37,0
265,266,0,1,0,5,50,77.5,0,0,37,0
266,267,0,1,0,5,50,82.5,0,0,37,0
267,268,0,1,0,5,50,87.5,0,0,37,0
268,269,0,1,0,5,50,92.5,0,0,37,0
269,270,0,1,0,5,50,97.5,0,0,37,0
270,271,0,1,0,5,50,102.5,0,0,37,0
271,272,0,1,0,5,50,107.5,0,0,37,0
272,273,0,1,0,5,50,112.5,0,0,37,0
273,274,0,1,0,5,50,117.5,0,0,37,0
250,275,1,0,0,5,52.5,0,0,3,58,0
250,275,1,0,0,5,52.5,0,0,3,58,0
250,276,0.707106781186548,0.707106781186548,0,7.07106781186547,52.5,2.5,0,2,38,0
252,276,0.707106781186548,-0.707106781186548,0,7.07106781186547,52.5,7.5,0,1,12,0
252,277,1,0,0,5,52.5,10,0,3,60,0
252,277,1,0,0,5,52.5,10,0,3,60,0
252,278,0.707106781186548,0.707106781186548,0,7.07106781186547,52.5,12.5,0,2,35,0
254,278,0.707106781186548,-0.707106781186548,0,7.07106781186547,52.5,17.5,0,1,15,0
254,279,1,0,0,5,52.5,20,0,3,61,0
254,279,1,0,0,5,52.5,20,0,3,61,0
254,280,0.707106781186548,0.707106781186548,0,7.07106781186547,52.5,22.5,0,2,32,0
256,280,0.707106781186548,-0.707106781186548,0,7.07106781186547,52.5,27.5,0,1,17,0
256,281,1,0,0,5,52.5,30,0,3,62,0
256,281,1,0,0,5,52.5,30,0,3,62,0
256,282,0.707106781186548,0.707106781186548,0,7.07106781186547,52.5,32.5,0,2,29,0
258,282,0.707106781186548,-0.707106781186548,0,7.07106781186547,52.5,37.5,0,1,19,0
258,283,1,0,0,5,52.5,40,0,3,63,0
258,283,1,0,0,5,52.5,40,0,3,63,0
258,284,0.707106781186548,0.707106781186548,0,7.07106781186547,52.5,42.5,0,2,26,0
260,284,0.707106781186548,-0.707106781186548,0,7.07106781186547,52.5,47.5,0,1,21,0
260,285,1,0,0,5,52.5,50,0,3,64,0
260,285,1,0,0,5,52.5,50,0,3,64,0
260,286,0.707106781186548,0.707106781186548,0,7.07106781186547,52.5,52.5,0,2,1,0
262,286,0.707106781186548,-0.707106781186548,0,7.07106781186547,52.5,57.5,0,1,23,0
262,287,1,0,0,5,52.5,60,0,3,65,0
262,287,1,0,0,5,52.5,60,0,3,65,0
262,288,0.707106781186548,0.707106781186548,0,7.07106781186547,52.5,62.5,0,2,3,0
264,288,0.707106781186548,-0.707106781186548,0,7.07106781186547,52.5,67.5,0,1,24,0
264,289,1,0,0,5,52.5,70,0,3,66,0
264,289,1,0,0,5,52.5,70,0,3,66,0
264,290,0.707106781186548,0.707106781186548,0,7.07106781186547,52.5,72.5,0,2,5,0
266,290,0.707106781186548,-0.707106781186548,0,7.07106781186547,52.5,77.5,0,1,27,0
266,291,1,0,0,5,52.5,80,0,3,67,0
266,291,1,0,0,5,52.5,80,0,3,67,0
266,292,0.707106781186548,0.707106781186548,0,7.07106781186547,52.5,82.5,0,2,7,0
268,292,0.707106781186548,-0.707106781186548,0,7.07106781186547,52.5,87.5,0,1,30,0
268,293,1,0,0,5,52.5,90,0,3,68,0
268,293,1,0,0,5,52.5,90,0,3,68,0
268,294,0.707106781186548,0.707106781186548,0,7.07106781186547,52.5,92.5,0,2,9,0
270,294,0.707106781186548,-0.707106781186548,0,7.07106781186547,52.5,97.5,0,1,33,0
270,295,1,0,0,5,52.5,100,0,3,69,0
270,295,1,0,0,5,52.5,100,0,3,69,0
270,296,0.707106781186548,0.707106781186548,0,7.07106781186547,52.5,102.5,0,2,11,0
272,296,0.707106781186548,-0.707106781186548,0,7.07106781186547,52.5,107.5,0,1,36,0
272,297,1,0,0,5,52.5,110,0,3,70,0
272,297,1,0,0,5,52.5,110,0,3,70,0
272,298,0.707106781186548,0.707106781186548,0,7.07106781186547,52.5,112.5,0,2,13,0
274,298,0.707106781186548,-0.707106781186548,0,7.07106781186547,52.5,117.5,0,1,39,0
274,299,1,0,0,5,52.5,120,0,3,71,0
274,299,1,0,0,5,52.5,120,0,3,71,0
275,300,1,0,0,5,57.5,0,0,3,58,0
275,300,1,0,0,5,57.5,0,0,3,58,0
276,300,0.707106781186548,-0.707106781186548,0,7.07106781186547,57.5,2.5,0,1,12,0
276,302,0.707106781186548,0.707106781186548,0,7.07106781186547,57.5,7.5,0,2,38,0
277,302,1,0,0,5,57.5,10,0,3,60,0
277,302,1,0,0,5,57.5,10,0,3,60,0
278,302,0.707106781186548,-0.707106781186548,0,7.07106781186547,57.5,12.5,0,1,15,0
278,304,0.707106781186548,0.707106781186548,0,7.07106781186547,57.5,17.5,0,2,35,0
279,304,1,0,0,5,57.5,20,0,3,61,0
279,304,1,0,0,5,57.5,20,0,3,61,0
280,304,0.707106781186548,-0.707106781186548,0,7.07106781186547,57.5,22.5,0,1,17,0
280,306,0.707106781186548,0.707106781186548,0,7.07106781186547,57.5,27.5,0,2,32,0
281,306,1,0,0,5,57.5,30,0,3,62,0
281,306,1,0,0,5,57.5,30,0,3,62,0
282,306,0.707106781186548,-0.707106781186548,0,7.07106781186547,57.5,32.5,0,1,19,0
282,308,0.707106781186548,0.707106781186548,0,7.07106781186547,57.5,37.5,0,2,29,0
283,308,1,0,0,5,57.5,40,0,3,63,0
283,308,1,0,0,5,57.5,40,0,3,63,0
284,308,0.707106781186548,-0.707106781186548,0,7.07106781186547,57.5,42.5,0,1,21,0
284,310,0.707106781186548,0.707106781186548,0,7.07106781186547,57.5,47.5,0,2,26,0
285,310,1,0,0,5,57.5,50,0,3,64,0
285,310,1,0,0,5,57.5,50,0,3,64,0
286,310,0.707106781186548,-0.707106781186548,0,7.07106781186547,57.5,52.5,0,1,23,0
286,312,0.707106781186548,0.707106781186548,0,7.07106781186547,57.5,57.5,0,2,1,0
287,312,1,0,0,5,57.5,60,0,3,65,0
287,312,1,0,0,5,57.5,60,0,3,65,0
288,312,0.707106781186548,-0.707106781186548,0,7.07106781186547,57.5,62.5,0,1,24,0
288,314,0.707106781186548,0.707106781186548,0,7.07106781186547,57.5,67.5,0,2,3,0
289,314,1,0,0,5,57.5,70,0,3,66,0
289,314,1,0,0,5,57.5,70,0,3,66,0
290,314,0.707106781186548,-0.707106781186548,0,7.07106781186547,57.5,72.5,0,1,27,0
290,316,0.707106781186548,0.707106781186548,0,7.07106781186547,57.5,77.5,0,2,5,0
291,316,1,0,0,5,57.5,80,0,3,67,0
291,316,1,0,0,5,57.5,80,0,3,67,0
292,316,0.707106781186548,-0.707106781186548,0,7.07106781186547,57.5,82.5,0,1,30,0
292,318,0.707106781186548,0.707106781186548,0,7.07106781186547,57.5,87.5,0,2,7,0
293,318,1,0,0,5,57.5,90,0,3,68,0
293,318,1,0,0,5,57.5,90,0,3,68,0
294,318,0.707106781186548,-0.707106781186548,0,7.07106781186547,57.5,92.5,0,1,33,0
294,320,0.707106781186548,0.707106781186548,0,7.07106781186547,57.5,97.5,0,2,9,0
295,320,1,0,0,5,57.5,100,0,3,69,0
295,320,1,0,0,5,57.5,100,0,3,69,0
296,320,0.707106781186548,-0.707106781186548,0,7.07106781186547,57.5,102.5,0,1,36,0
296,322,0.707106781186548,0.707106781186548,0,7.07106781186547,57.5,107.5,0,2,11,0
297,322,1,0,0,5,57.5,110,0,3,70,0
297,322,1,0,0,5,57.5,110,0,3,70,0
298,322,0.707106781186548,-0.707106781186548,0,7.07106781186547,57.5,112.5,0,1,39,0
298,324,0.707106781186548,0.707106781186548,0,7.07106781186547,57.5,117.5,0,2,13,0
299,324,1,0,0,5,57.5,120,0,3,71,0
299,324,1,0,0,5,57.5,120,0,3,71,0
300,301,0,1,0,5,60,2.5,0,0,40,0
301,302,0,1,0,5,60,7.5,0,0,40,0
302,303,0,1,0,5,60,12.5,0,0,40,0
303,304,0,1,0,5,60,17.5,0,0,40,0
304,305,0,1,0,5,60,22.5,0,0,40,0
305,306,0,1,0,5,60,27.5,0,0,40,0
306,307,0,1,0,5,60,32.5,0,0,40,0
307,308,0,1,0,5,60,37.5,0,0,40,0
308,309,0,1,0,5,60,42.5,0,0,40,0
309,310,0,1,0,5,60,47.5,0,0,40,0
310,311,0,1,0,5,60,52.5,0,0,40,0
311,312,0,1,0,5,60,57.5,0,0,40,0
312,313,0,1,0,5,60,62.5,0,0,40,0
313,314,0,1,0,5,60,67.5,0,0,40,0
314,315,0,1,0,5,60,72.5,0,0,40,0
315,316,0,1,0,5,60,77.5,0,0,40,0
316,317,0,1,0,5,60,82.5,0,0,40,0
317,318,0,1,0,5,60,87.5,0,0,40,0
318,319,0,1,0,5,60,92.5,0,0,40,0
319,320,0,1,0,5,60,97.5,0,0,40,0
320,321,0,1,0,5,60,102.5,0,0,40,0
321,322,0,1,0,5,60,107.5,0,0,40,0
322,323,0,1,0,5,60,112.5,0,0,40,0
323,324,0,1,0,5,60,117.5,0,0,40,0
300,325,1,0,0,5,62.5,0,0,3,58,0
300,325,1,0,0,5,62.5,0,0,3,58,0
300,326,0.707106781186548,0.707106781186548,0,7.07106781186547,62.5,2.5,0,2,41,0
302,326,0.707106781186548,-0.707106781186548,0,7.07106781186547,62.5,7.5,0,1,15,0
302,327,1,0,0,5,62.5,10,0,3,60,0
302,327,1,0,0,5,62.5,10,0,3,60,0
302,328,0.707106781186548,0.707106781186548,0,7.07106781186547,62.5,12.5,0,2,38,0
304,328,0.707106781186548,-0.707106781186548,0,7.07106781186547,62.5,17.5,0,1,17,0
304,329,1,0,0,5,62.5,20,0,3,61,0
304,329,1,0,0,5,62.5,20,0,3,61,0
304,330,0.707106781186548,0.707106781186548,0,7.07106781186547,62.5,22.5,0,2,35,0
306,330,0.707106781186548,-0.707106781186548,0,7.07106781186547,62.5,27.5,0,1,19,0
306,331,1,0,0,5,62.5,30,0,3,62,0
306,331,1,0,0,5,62.5,30,0,3,62,0
306,332,0.707106781186548,0.707106781186548,0,7.07106781186547,62.5,32.5,0,2,32,0
308,332,0.707106781186548,-0.707106781186548,0,7.07106781186547,62.5,37.5,0,1,21,0
308,333,1,0,0,5,62.5,40,0,3,63,0
308,333,1,0,0,5,62.5,40,0,3,63,0
308,334,0.707106781186548,0.707106781186548,0,7.07106781186547,62.5,42.5,0,2,29,0
310,334,0.707106781186548,-0.707106781186548,0,7.07106781186547,62.5,47.5,0,1,23,0
310,335,1,0,0,5,62.5,50,0,3,64,0
310,335,1,0,0,5,62.5,50,0,3,64,0
310,336,0.707106781186548,0.707106781186548,0,7.07106781186547,62.5,52.5,0,2,26,0
312,336,0.707106781186548,-0.707106781186548,0,7.07106781186547,62.5,57.5,0,1,24,0
312,337,1,0,0,5,62.5,60,0,3,65,0
312,337,1,0,0,5,62.5,60,0,3,65,0
312,338,0.707106781186548,0.707106781186548,0,7.07106781186547,62.5,62.5,0,2,1,0
314,338,0.707106781186548,-0.707106781186548,0,7.07106781186547,62.5,67.5,0,1,27,0
314,339,1,0,0,5,62.5,70,0,3,66,0
314,339,1,0,0,5,62.5,70,0,3,66,0
314,340,0.707106781186548,0.707106781186548,0,7.07106781186547,62.5,72.5,0,2,3,0
316,340,0.707106781186548,-0.707106781186548,0,7.07106781186547,62.5,77.5,0,1,30,0
316,341,1,0,0,5,62.5,80,0,3,67,0
316,341,1,0,0,5,62.5,80,0,3,67,0
316,342,0.707106781186548,0.707106781186548,0,7.07106781186547,62.5,82.5,0,2,5,0
318,342,0.707106781186548,-0.707106781186548,0,7.07106781186547,62.5,87.5,0,1,33,0
318,343,1,0,0,5,62.5,90,0,3,68,0
318,343,1,0,0,5,62.5,90,0,3,68,0
318,344,0.707106781186548,0.707106781186548,0,7.07106781186547,62.5,92.5,0,2,7,0
320,344,0.707106781186548,-0.707106781186548,0,7.07106781186547,62.5,97.5,0,1,36,0
320,345,1,0,0,5,62.5,100,0,3,69,0
320,345,1,0,0,5,62.5,100,0,3,69,0
320,346,0.707106781186548,0.707106781186548,0,7.07106781186547,62.5,102.5,0,2,9,0
322,346,0.707106781186548,-0.707106781186548,0,7.07106781186547,62.5,107.5,0,1,39,0
322,347,1,0,0,5,62.5,110,0,3,70,0
322,347,1,0,0,5,62.5,110,0,3,70,0
322,348,0.707106781186548,0.707106781186548,0,7.07106781186547,62.5,112.5,0,2,11,0
324,348,0.707106781186548,-0.707106781186548,0,7.07106781186547,62.5,117.5,0,1,42,0
324,349,1,0,0,5,62.5,120,0,3,71,0
324,349,1,0,0,5,62.5,120,0,3,71,0
325,350,1,0,0,5,67.5,0,0,3,58,0
325,350,1,0,0,5,67.5,0,0,3,58,0
326,350,0.707106781186548,-0.707106781186548,0,7.07106781186547,67.5,2.5,0,1,15,0
326,352,0.707106781186548,0.707106781186548,0,7.07106781186547,67.5,7.5,0,2,41,0
327,352,1,0,0,5,67.5,10,0,3,60,0
327,352,1,0,0,5,67.5,10,0,3,60,0
328,352,0.707106781186548,-0.707106781186548,0,7.07106781186547,67.5,12.5,0,1,17,0
328,354,0.707106781186548,0.707106781186548,0,7.07106781186547,67.5,17.5,0,2,38,0
329,354,1,0,0,5,67.5,20,0,3,61,0
329,354,1,0,0,5,67.5,20,0,3,61,0
330,354,0.707106781186548,-0.707106781186548,0,7.07106781186547,67.5,22.5,0,1,19,0
330,356,0.707106781186548,0.707106781186548,0,7.07106781186547,67.5,27.5,0,2,35,0
331,356,1,0,0,5,67.5,30,0,3,62,0
331,356,1,0,0,5,67.5,30,0,3,62,0
332,356,0.707106781186548,-0.707106781186548,0,7.07106781186547,67.5,32.5,0,1,21,0
332,358,0.707106781186548,0.707106781186548,0,7.07106781186547,67.5,37.5,0,2,32,0
333,358,1,0,0,5,67.5,40,0,3,63,0
333,358,1,0,0,5,67.5,40,0,3,63,0
334,358,0.707106781186548,-0.707106781186548,0,7.07106781186547,67.5,42.5,0,1,23,0
334,360,0.707106781186548,0.707106781186548,0,7.07106781186547,67.5,47.5,0,2,29,0
335,360,1,0,0,5,67.5,50,0,3,64,0
335,360,1,0,0,5,67.5,50,0,3,64,0
336,360,0.707106781186548,-0.707106781186548,0,7.07106781186547,67.5,52.5,0,1,24,0
336,362,0.707106781186548,0.707106781186548,0,7.07106781186547,67.5,57.5,0,2,26,0
337,362,1,0,0,5,67.5,60,0,3,65,0
337,362,1,0,0,5,67.5,60,0,3,65,0
338,362,0.707106781186548,-0.707106781186548,0,7.07106781186547,67.5,62.5,0,1,27,0
338,364,0.707106781186548,0.707106781186548,0,7.07106781186547,67.5,67.5,0,2,1,0
339,364,1,0,0,5,67.5,70,0,3,66,0
339,364,1,0,0,5,67.5,70,0,3,66,0
340,364,0.707106781186548,-0.707106781186548,0,7.07106781186547,67.5,72.5,0,1,30,0
340,366,0.707106781186548,0.707106781186548,0,7.07106781186547,67.5,77.5,0,2,3,0
341,366,1,0,0,5,67.5,80,0,3,67,0
341,366,1,0,0,5,67.5,80,0,3,67,0
342,366,0.707106781186548,-0.707106781186548,0,7.07106781186547,67.5,82.5,0,1,33,0
342,368,0.707106781186548,0.707106781186548,0,7.07106781186547,67.5,87.5,0,2,5,0
343,368,1,0,0,5,67.5,90,0,3,68,0
343,368,1,0,0,5,67.5,90,0,3,68,0
344,368,0.707106781186548,-0.707106781186548,0,7.07106781186547,67.5,92.5,0,1,36,0
344,370,0.707106781186548,0.707106781186548,0,7.07106781186547,67.5,97.5,0,2,7,0
345,370,1,0,0,5,67.5,100,0,3,69,0
345,370,1,0,0,5,67.5,100,0,3,69,0
346,370,0.707106781186548,-0.707106781186548,0,7.07106781186547,67.5,102.5,0,1,39,0
346,372,0.707106781186548,0.707106781186548,0,7.07106781186547,67.5,107.5,0,2,9,0
347,372,1,0,0,5,67.5,110,0,3,70,0
347,372,1,0,0,5,67.5,110,0,3,70,0
348,372,0.707106781186548,-0.707106781186548,0,7.07106781186547,67.5,112.5,0,1,42,0
348,374,0.707106781186548,0.707106781186548,0,7.07106781186547,67.5,117.5,0,2,11,0
349,374,1,0,0,5,67.5,120,0,3,71,0
349,374,1,0,0,5,67.5,120,0,3,71,0
350,351,0,1,0,5,70,2.5,0,0,43,0
351,352,0,1,0,5,70,7.5,0,0,43,0
352,353,0,1,0,5,70,12.5,0,0,43,0
353,354,0,1,0,5,70,17.5,0,0,43,0
354,355,0,1,0,5,70,22.5,0,0,43,0
355,356,0,1,0,5,70,27.5,0,0,43,0
356,357,0,1,0,5,70,32.5,0,0,43,0
357,358,0,1,0,5,70,37.5,0,0,43,0
358,359,0,1,0,5,70,42.5,0,0,43,0
359,360,0,1,0,5,70,47.5,0,0,43,0
360,361,0,1,0,5,70,52.5,0,0,43,0
361,362,0,1,0,5,70,57.5,0,0,43,0
362,363,0,1,0,5,70,62.5,0,0,43,0
363,364,0,1,0,5,70,67.5,0,0,43,0
364,365,0,1,0,5,70,72.5,0,0,43,0
365,366,0,1,0,5,70,77.5,0,0,43,0
366,367,0,1,0,5,70,82.5,0,0,43,0
367,368,0,1,0,5,70,87.5,0,0,43,0
368,369,0,1,0,5,70,92.5,0,0,43,0
369,370,0,1,0,5,70,97.5,0,0,43,0
370,371,0,1,0,5,70,102.5,0,0,43,0
371,372,0,1,0,5,70,107.5,0,0,43,0
372,373,0,1,0,5,70,112.5,0,0,43,0
373,374,0,1,0,5,70,117.5,0,0,43,0
350,375,1,0,0,5,72.5,0,0,3,58,0
350,375,1,0,0,5,72.5,0,0,3,58,0
350,376,0.707106781186548,0.707106781186548,0,7.07106781186547,72.5,2.5,0,2,44,0
352,376,0.707106781186548,-0.707106781186548,0,7.07106781186547,72.5,7.5,0,1,17,0
352,377,1,0,0,5,72.5,10,0,3,60,0
352,377,1,0,0,5,72.5,10,0,3,60,0
352,378,0.707106781186548,0.707106781186548,0,7.07106781186547,72.5,12.5,0,2,41,0
354,378,0.707106781186548,-0.707106781186548,0,7.07106781186547,72.5,17.5,0,1,19,0
354,379,1,0,0,5,72.5,20,0,3,61,0
354,379,1,0,0,5,72.5,20,0,3,61,0
354,380,0.707106781186548,0.707106781186548,0,7.07106781186547,72.5,22.5,0,2,38,0
356,380,0.707106781186548,-0.707106781186548,0,7.07106781186547,72.5,27.5,0,1,21,0
356,381,1,0,0,5,72.5,30,0,3,62,0
356,381,1,0,0,5,72.5,30,0,3,62,0
356,382,0.707106781186548,0.707106781186548,0,7.07106781186547,72.5,32.5,0,2,35,0
358,382,0.707106781186548,-0.707106781186548,0,7.07106781186547,72.5,37.5,0,1,23,0
358,383,1,0,0,5,72.5,40,0,3,63,0
358,383,1,0,0,5,72.5,40,0,3,63,0
358,384,0.707106781186548,0.707106781186548,0,7.07106781186547,72.5,42.5,0,2,32,0
360,384,0.707106781186548,-0.707106781186548,0,7.07106781186547,72.5,47.5,0,1,24,0
360,385,1,0,0,5,72.5,50,0,3,64,0
360,385,1,0,0,5,72.5,50,0,3,64,0
360,386,0.707106781186548,0.707106781186548,0,7.07106781186547,72.5,52.5,0,2,29,0
362,386,0.707106781186548,-0.707106781186548,0,7.07106781186547,72.5,57.5,0,1,27,0
362,387,1,0,0,5,72.5,60,0,3,65,0
362,387,1,0,0,5,72.5,60,0,3,65,0
362,388,0.707106781186548,0.707106781186548,0,7.07106781186547,72.5,62.5,0,2,26,0
364,388,0.707106781186548,-0.707106781186548,0,7.07106781186547,72.5,67.5,0,1,30,0
364,389,1,0,0,5,72.5,70,0,3,66,0
364,389,1,0,0,5,72.5,70,0,3,66,0
364,390,0.707106781186548,0.707106781186548,0,7.07106781186547,72.5,72.5,0,2,1,0
366,390,0.707106781186548,-0.707106781186548,0,7.07106781186547,72.5,77.5,0,1,33,0
366,391,1,0,0,5,72.5,80,0,3,67,0
366,391,1,0,0,5,72.5,80,0,3,67,0
366,392,0.707106781186548,0.707106781186548,0,7.07106781186547,72.5,82.5,0,2,3,0
368,392,0.707106781186548,-0.707106781186548,0,7.07106781186547,72.5,87.5,0,1,36,0
368,393,1,0,0,5,72.5,90,0,3,68,0
368,393,1,0,0,5,72.5,90,0,3,68,0
368,394,0.707106781186548,0.707106781186548,0,7.07106781186547,72.5,92.5,0,2,5,0
370,394,0.707106781186548,-0.707106781186548,0,7.07106781186547,72.5,97.5,0,1,39,0
370,395,1,0,0,5,72.5,100,0,3,69,0
370,395,1,0,0,5,72.5,100,0,3,69,0
370,396,0.707106781186548,0.707106781186548,0,7.07106781186547,72.5,102.5,0,2,7,0
372,396,0.707106781186548,-0.707106781186548,0,7.07106781186547,72.5,107.5,0,1,42,0
372,397,1,0,0,5,72.5,110,0,3,70,0
372,397,1,0,0,5,72.5,110,0,3,70,0
372,398,0.707106781186548,0.707106781186548,0,7.07106781186547,72.5,112.5,0,2,9,0
374,398,0.707106781186548,-0.707106781186548,0,7.07106781186547,72.5,117.5,0,1,45,0
374,399,1,0,0,5,72.5,120,0,3,71,0
374,399,1,0,0,5,72.5,120,0,3,71,0
375,400,1,0,0,5,77.5,0,0,3,58,0
375,400,1,0,0,5,77.5,0,0,3,58,0
376,400,0.707106781186548,-0.707106781186548,0,7.07106781186547,77.5,2.5,0,1,17,0
376,402,0.707106781186548,0.707106781186548,0,7.07106781186547,77.5,7.5,0,2,44,0
377,402,1,0,0,5,77.5,10,0,3,60,0
377,402,1,0,0,5,77.5,10,0,3,60,0
378,402,0.707106781186548,-0.707106781186548,0,7.07106781186547,77.5,12.5,0,1,19,0
378,404,0.707106781186548,0.707106781186548,0,7.07106781186547,77.5,17.5,0,2,41,0
379,404,1,0,0,5,77.5,20,0,3,61,0
379,404,1,0,0,5,77.5,20,0,3,61,0
380,404,0.707106781186548,-0.707106781186548,0,7.07106781186547,77.5,22.5,0,1,21,0
380,406,0.707106781186548,0.707106781186548,0,7.07106781186547,77.5,27.5,0,2,38,0
381,406,1,0,0,5,77.5,30,0,3,62,0
381,406,1,0,0,5,77.5,30,0,3,62,0
382,406,0.707106781186548,-0.707106781186548,0,7.07106781186547,77.5,32.5,0,1,23,0
382,408,0.707106781186548,0.707106781186548,0,7.07106781186547,77.5,37.5,0,2,35,0
383,408,1,0,0,5,77.5,40,0,3,63,0
383,408,1,0,0,5,77.5,40,0,3,63,0
384,408,0.707106781186548,-0.707106781186548,0,7.07106781186547,77.5,42.5,0,1,24,0
384,410,0.707106781186548,0.707106781186548,0,7.07106781186547,77.5,47.5,0,2,32,0
385,410,1,0,0,5,77.5,50,0,3,64,0
385,410,1,0,0,5,77.5,50,0,3,64,0
386,410,0.707106781186548,-0.707106781186548,0,7.07106781186547,77.5,52.5,0,1,27,0
386,412,0.707106781186548,0.707106781186548,0,7.07106781186547,77.5,57.5,0,2,29,0
387,412,1,0,0,5,77.5,60,0,3,65,0
387,412,1,0,0,5,77.5,60,0,3,65,0
388,412,0.707106781186548,-0.707106781186548,0,7.07106781186547,77.5,62.5,0,1,30,0
388,414,0.707106781186548,0.707106781186548,0,7.07106781186547,77.5,67.5,0,2,26,0
389,414,1,0,0,5,77.5,70,0,3,66,0
389,414,1,0,0,5,77.5,70,0,3,66,0
390,414,0.707106781186548,-0.707106781186548,0,7.07106781186547,77.5,72.5,0,1,33,0
390,416,0.707106781186548,0.707106781186548,0,7.07106781186547,77.5,77.5,0,2,1,0
391,416,1,0,0,5,77.5,80,0,3,67,0
391,416,1,0,0,5,77.5,80,0,3,67,0
392,416,0.707106781186548,-0.707106781186548,0,7.07106781186547,77.5,82.5,0,1,36,0
392,418,0.707106781186548,0.707106781186548,0,7.07106781186547,77.5,87.5,0,2,3,0
393,418,1,0,0,5,77.5,90,0,3,68,0
393,418,1,0,0,5,77.5,90,0,3,68,0
394,418,0.707106781186548,-0.707106781186548,0,7.07106781186547,77.5,92.5,0,1,39,0
394,420,0.707106781186548,0.707106781186548,0,7.07106781186547,77.5,97.5,0,2,5,0
395,420,1,0,0,5,77.5,100,0,3,69,0
395,420,1,0,0,5,77.5,100,0,3,69,0
396,420,0.707106781186548,-0.707106781186548,0,7.07106781186547,77.5,102.5,0,1,42,0
396,422,0.707106781186548,0.707106781186548,0,7.07106781186547,77.5,107.5,0,2,7,0
397,422,1,0,0,5,77.5,110,0,3,70,0
397,422,1,0,0,5,77.5,110,0,3,70,0
398,422,0.707106781186548,-0.707106781186548,0,7.07106781186547,77.5,112.5,0,1,45,0
398,424,0.707106781186548,0.707106781186548,0,7.07106781186547,77.5,117.5,0,2,9,0
399,424,1,0,0,5,77.5,120,0,3,71,0
399,424,1,0,0,5,77.5,120,0,3,71,0
400,401,0,1,0,5,80,2.5,0,0,46,0
401,402,0,1,0,5,80,7.5,0,0,46,0
402,403,0,1,0,5,80,12.5,0,0,46,0
403,404,0,1,0,5,80,17.5,0,0,46,0
404,405,0,1,0,5,80,22.5,0,0,46,0
405,406,0,1,0,5,80,27.5,0,0,46,0
406,407,0,1,0,5,80,32.5,0,0,46,0
407,408,0,1,0,5,80,37.5,0,0,46,0
408,409,0,1,0,5,80,42.5,0,0,46,0
409,410,0,1,0,5,80,47.5,0,0,46,0
410,411,0,1,0,5,80,52.5,0,0,46,0
411,412,0,1,0,5,80,57.5,0,0,46,0
412,413,0,1,0,5,80,62.5,0,0,46,0
413,414,0,1,0,5,80,67.5,0,0,46,0
414,415,0,1,0,5,80,72.5,0,0,46,0
415,416,0,1,0,5,80,77.5,0,0,46,0
416,417,0,1,0,5,80,82.5,0,0,46,0
417,418,0,1,0,5,80,87.5,0,0,46,0
418,419,0,1,0,5,80,92.5,0,0,46,0
419,420,0,1,0,5,80,97.5,0,0,46,0
420,421,0,1,0,5,80,102.5,0,0,46,0
421,422,0,1,0,5,80,107.5,0,0,46,0
422,423,0,1,0,5,80,112.5,0,0,46,0
423,424,0,1,0,5,80,117.5,0,0,46,0
400,425,1,0,0,5,82.5,0,0,3,58,0
400,425,1,0,0,5,82.5,0,0,3,58,0
400,426,0.707106781186548,0.707106781186548,0,7.07106781186547,82.5,2.5,0,2,47,0
402,426,0.707106781186548,-0.707106781186548,0,7.07106781186547,82.5,7.5,0,1,19,0
402,427,1,0,0,5,82.5,10,0,3,60,0
402,427,1,0,0,5,82.5,10,0,3,60,0
402,428,0.707106781186548,0.707106781186548,0,7.07106781186547,82.5,12.5,0,2,44,0
404,428,0.707106781186548,-0.707106781186548,0,7.07106781186547,82.5,17.5,0,1,21,0
404,429,1,0,0,5,82.5,20,0,3,61,0
404,429,1,0,0,5,82.5,20,0,3,61,0
404,430,0.707106781186548,0.707106781186548,0,7.07106781186547,82.5,22.5,0,2,41,0
406,430,0.707106781186548,-0.707106781186548,0,7.07106781186547,82.5,27.5,0,1,23,0
406,431,1,0,0,5,82.5,30,0,3,62,0
406,431,1,0,0,5,82.5,30,0,3,62,0
406,432,0.707106781186548,0.707106781186548,0,7.07106781186547,82.5,32.5,0,2,38,0
408,432,0.707106781186548,-0.707106781186548,0,7.07106781186547,82.5,37.5,0,1,24,0
408,433,1,0,0,5,82.5,40,0,3,63,0
408,433,1,0,0,5,82.5,40,0,3,63,0
408,434,0.707106781186548,0.707106781186548,0,7.07106781186547,82.5,42.5,0,2,35,0
410,434,0.707106781186548,-0.707106781186548,0,7.07106781186547,82.5,47.5,0,1,27,0
410,435,1,0,0,5,82.5,50,0,3,64,0
410,435,1,0,0,5,82.5,50,0,3,64,0
410,436,0.707106781186548,0.707106781186548,0,7.07106781186547,82.5,52.5,0,2,32,0
412,436,0.707106781186548,-0.707106781186548,0,7.07106781186547,82.5,57.5,0,1,30,0
412,437,1,0,0,5,82.5,60,0,3,65,0
412,437,1,0,0,5,82.5,60,0,3,65,0
412,438,0.707106781186548,0.707106781186548,0,7.07106781186547,82.5,62.5,0,2,29,0
414,438,0.707106781186548,-0.707106781186548,0,7.07106781186547,82.5,67.5,0,1,33,0
414,439,1,0,0,5,82.5,70,0,3,66,0
414,439,1,0,0,5,82.5,70,0,3,66,0
414,440,0.707106781186548,0.707106781186548,0,7.07106781186547,82.5,72.5,0,2,26,0
416,440,0.707106781186548,-0.707106781186548,0,7.07106781186547,82.5,77.5,0,1,36,0
416,441,1,0,0,5,82.5,80,0,3,67,0
416,441,1,0,0,5,82.5,80,0,3,67,0
416,442,0.707106781186548,0.707106781186548,0,7.07106781186547,82.5,82.5,0,2,1,0
418,442,0.707106781186548,-0.707106781186548,0,7.07106781186547,82.5,87.5,0,1,39,0
418,443,1,0,0,5,82.5,90,0,3,68,0
418,443,1,0,0,5,82.5,90,0,3,68,0
418,444,0.707106781186548,0.707106781186548,0,7.07106781186547,82.5,92.5,0,2,3,0
420,444,0.707106781186548,-0.707106781186548,0,7.07106781186547,82.5,97.5,0,1,42,0
420,445,1,0,0,5,82.5,100,0,3,69,0
420,445,1,0,0,5,82.5,100,0,3,69,0
420,446,0.707106781186548,0.707106781186548,0,7.07106781186547,82.5,102.5,0,2,5,0
422,446,0.707106781186548,-0.707106781186548,0,7.07106781186547,82.5,107.5,0,1,45,0
422,447,1,0,0,5,82.5,110,0,3,70,0
422,447,1,0,0,5,82.5,110,0,3,70,0
422,448,0.707106781186548,0.707106781186548,0,7.07106781186547,82.5,112.5,0,2,7,0
424,448,0.707106781186548,-0.707106781186548,0,7.07106781186547,82.5,117.5,0,1,48,0
424,449,1,0,0,5,82.5,120,0,3,71,0
424,449,1,0,0,5,82.5,120,0,3,71,0
425,450,1,0,0,5,87.5,0,0,3,58,0
425,450,1,0,0,5,87.5,0,0,3,58,0
426,450,0.707106781186548,-0.707106781186548,0,7.07106781186547,87.5,2.5,0,1,19,0
426,452,0.707106781186548,0.707106781186548,0,7.07106781186547,87.5,7.5,0,2,47,0
427,452,1,0,0,5,87.5,10,0,3,60,0
427,452,1,0,0,5,87.5,10,0,3,60,0
428,452,0.707106781186548,-0.707106781186548,0,7.07106781186547,87.5,12.5,0,1,21,0
428,454,0.707106781186548,0.707106781186548,0,7.07106781186547,87.5,17.5,0,2,44,0
429,454,1,0,0,5,87.5,20,0,3,61,0
429,454,1,0,0,5,87.5,20,0,3,61,0
430,454,0.707106781186548,-0.707106781186548,0,7.07106781186547,87.5,22.5,0,1,23,0
430,456,0.707106781186548,0.707106781186548,0,7.07106781186547,87.5,27.5,0,2,41,0
431,456,1,0,0,5,87.5,30,0,3,62,0
431,456,1,0,0,5,87.5,30,0,3,62,0
432,456,0.707106781186548,-0.707106781186548,0,7.07106781186547,87.5,32.5,0,1,24,0
432,458,0.707106781186548,0.707106781186548,0,7.07106781186547,87.5,37.5,0,2,38,0
433,458,1,0,0,5,87.5,40,0,3,63,0
433,458,1,0,0,5,87.5,40,0,3,63,0
434,458,0.707106781186548,-0.707106781186548,0,7.07106781186547,87.5,42.5,0,1,27,0
434,460,0.707106781186548,0.707106781186548,0,7.07106781186547,87.5,47.5,0,2,35,0
435,460,1,0,0,5,87.5,50,0,3,64,0
435,460,1,0,0,5,87.5,50,0,3,64,0
436,460,0.707106781186548,-0.707106781186548,0,7.07106781186547,87.5,52.5,0,1,30,0
436,462,0.707106781186548,0.707106781186548,0,7.07106781186547,87.5,57.5,0,2,32,0
437,462,1,0,0,5,87.5,60,0,3,65,0
437,462,1,0,0,5,87.5,60,0,3,65,0
438,462,0.707106781186548,-0.707106781186548,0,7.07106781186547,87.5,62.5,0,1,33,0
438,464,0.707106781186548,0.707106781186548,0,7.07106781186547,87.5,67.5,0,2,29,0
439,464,1,0,0,5,87.5,70,0,3,66,0
439,464,1,0,0,5,87.5,70,0,3,66,0
440,464,0.707106781186548,-0.707106781186548,0,7.07106781186547,87.5,72.5,0,1,36,0
440,466,0.707106781186548,0.707106781186548,0,7.07106781186547,87.5,77.5,0,2,26,0
441,466,1,0,0,5,87.5,80,0,3,67,0
441,466,1,0,0,5,87.5,80,0,3,67,0
442,466,0.707106781186548,-0.707106781186548,0,7.07106781186547,87.5,82.5,0,1,39,0
442,468,0.707106781186548,0.707106781186548,0,7.07106781186547,87.5,87.5,0,2,1,0
443,468,1,0,0,5,87.5,90,0,3,68,0
443,468,1,0,0,5,87.5,90,0,3,68,0
444,468,0.707106781186548,-0.707106781186548,0,7.07106781186547,87.5,92.5,0,1,42,0
444,470,0.707106781186548,0.707106781186548,0,7.07106781186547,87.5,97.5,0,2,3,0
445,470,1,0,0,5,87.5,100,0,3,69,0
445,470,1,0,0,5,87.5,100,0,3,69,0
446,470,0.707106781186548,-0.707106781186548,0,7.07106781186547,87.5,102.5,0,1,45,0
446,472,0.707106781186548,0.707106781186548,0,7.07106781186547,87.5,107.5,0,2,5,0
447,472,1,0,0,5,87.5,110,0,3,70,0
447,472,1,0,0,5,87.5,110,0,3,70,0
448,472,0.707106781186548,-0.707106781186548,0,7.07106781186547,87.5,112.5,0,1,48,0
448,474,0.707106781186548,0.707106781186548,0,7.07106781186547,87.5,117.5,0,2,7,0
449,474,1,0,0,5,87.5,120,0,3,71,0
449,474,1,0,0,5,87.5,120,0,3,71,0
450,451,0,1,0,5,90,2.5,0,0,49,0
451,452,0,1,0,5,90,7.5,0,0,49,0
452,453,0,1,0,5,90,12.5,0,0,49,0
453,454,0,1,0,5,90,17.5,0,0,49,0
454,455,0,1,0,5,90,22.5,0,0,49,0
455,456,0,1,0,5,90,27.5,0,0,49,0
456,457,0,1,0,5,90,32.5,0,0,49,0
457,458,0,1,0,5,90,37.5,0,0,49,0
458,459,0,1,0,5,90,42.5,0,0,49,0
459,460,0,1,0,5,90,47.5,0,0,49,0
460,461,0,1,0,5,90,52.5,0,0,49,0
461,462,0,1,0,5,90,57.5,0,0,49,0
462,463,0,1,0,5,90,62.5,0,0,49,0
463,464,0,1,0,5,90,67.5,0,0,49,0
464,465,0,1,0,5,90,72.5,0,0,49,0
465,466,0,1,0,5,90,77.5,0,0,49,0
466,467,0,1,0,5,90,82.5,0,0,49,0
467,468,0,1,0,5,90,87.5,0,0,49,0
468,469,0,1,0,5,90,92.5,0,0,49,0
469,470,0,1,0,5,90,97.5,0,0,49,0
470,471,0,1,0,5,90,102.5,0,0,49,0
471,472,0,1,0,5,90,107.5,0,0,49,0
472,473,0,1,0,5,90,112.5,0,0,49,0
473,474,0,1,0,5,90,117.5,0,0,49,0
450,475,1,0,0,5,92.5,0,0,3,58,0
450,475,1,0,0,5,92.5,0,0,3,58,0
450,476,0.707106781186548,0.707106781186548,0,7.07106781186547,92.5,2.5,0,2,50,0
452,476,0.707106781186548,-0.707106781186548,0,7.07106781186547,92.5,7.5,0,1,21,0
452,477,1,0,0,5,92.5,10,0,3,60,0
452,477,1,0,0,5,92.5,10,0,3,60,0
452,478,0.707106781186548,0.707106781186548,0,7.07106781186547,92.5,12.5,0,2,47,0
454,478,0.707106781186548,-0.707106781186548,0,7.07106781186547,92.5,17.5,0,1,23,0
454,479,1,0,0,5,92.5,20,0,3,61,0
454,479,1,0,0,5,92.5,20,0,3,61,0
454,480,0.707106781186548,0.707106781186548,0,7.07106781186547,92.5,22.5,0,2,44,0
456,480,0.707106781186548,-0.707106781186548,0,7.07106781186547,92.5,27.5,0,1,24,0
456,481,1,0,0,5,92.5,30,0,3,62,0
456,481,1,0,0,5,92.5,30,0,3,62,0
456,482,0.707106781186548,0.707106781186548,0,7.07106781186547,92.5,32.5,0,2,41,0
458,482,0.707106781186548,-0.707106781186548,0,7.07106781186547,92.5,37.5,0,1,27,0
458,483,1,0,0,5,92.5,40,0,3,63,0
458,483,1,0,0,5,92.5,40,0,3,63,0
458,484,0.707106781186548,0.707106781186548,0,7.07106781186547,92.5,42.5,0,2,38,0
460,484,0.707106781186548,-0.707106781186548,0,7.07106781186547,92.5,47.5,0,1,30,0
460,485,1,0,0,5,92.5,50,0,3,64,0
460,485,1,0,0,5,92.5,50,0,3,64,0
460,486,0.707106781186548,0.707106781186548,0,7.07106781186547,92.5,52.5,0,2,35,0
462,486,0.707106781186548,-0.707106781186548,0,7.07106781186547,92.5,57.5,0,1,33,0
462,487,1,0,0,5,92.5,60,0,3,65,0
462,487,1,0,0,5,92.5,60,0,3,65,0
462,488,0.707106781186548,0.707106781186548,0,7.07106781186547,92.5,62.5,0,2,32,0
464,488,0.707106781186548,-0.707106781186548,0,7.07106781186547,92.5,67.5,0,1,36,0
464,489,1,0,0,5,92.5,70,0,3,66,0
464,489,1,0,0,5,92.5,70,0,3,66,0
464,490,0.707106781186548,0.707106781186548,0,7.07106781186547,92.5,72.5,0,2,29,0
466,490,0.707106781186548,-0.707106781186548,0,7.07106781186547,92.5,77.5,0,1,39,0
466,491,1,0,0,5,92.5,80,0,3,67,0
466,491,1,0,0,5,92.5,80,0,3,67,0
466,492,0.707106781186548,0.707106781186548,0,7.07106781186547,92.5,82.5,0,2,26,0
468,492,0.707106781186548,-0.707106781186548,0,7.07106781186547,92.5,87.5,0,1,42,0
468,493,1,0,0,5,92.5,90,0,3,68,0
468,493,1,0,0,5,92.5,90,0,3,68,0
468,494,0.707106781186548,0.707106781186548,0,7.07106781186547,92.5,92.5,0,2,1,0
470,494,0.707106781186548,-0.707106781186548,0,7.07106781186547,92.5,97.5,0,1,45,0
470,495,1,0,0,5,92.5,100,0,3,69,0
470,495,1,0,0,5,92.5,100,0,3,69,0
470,496,0.707106781186548,0.707106781186548,0,7.07106781186547,92.5,102.5,0,2,3,0
472,496,0.707106781186548,-0.707106781186548,0,7.07106781186547,92.5,107.5,0,1,48,0
472,497,1,0,0,5,92.5,110,0,3,70,0
472,497,1,0,0,5,92.5,110,0,3,70,0
472,498,0.707106781186548,0.707106781186548,0,7.07106781186547,92.5,112.5,0,2,5,0
474,498,0.707106781186548,-0.707106781186548,0,7.07106781186547,92.5,117.5,0,1,51,0
474,499,1,0,0,5,92.5,120,0,3,71,0
474,499,1,0,0,5,92.5,120,0,3,71,0
475,500,1,0,0,5,97.5,0,0,3,58,0
475,500,1,0,0,5,97.5,0,0,3,58,0
476,500,0.707106781186548,-0.707106781186548,0,7.07106781186547,97.5,2.5,0,1,21,0
476,502,0.707106781186548,0.707106781186548,0,7.07106781186547,97.5,7.5,0,2,50,0
477,502,1,0,0,5,97.5,10,0,3,60,0
477,502,1,0,0,5,97.5,10,0,3,60,0
478,502,0.707106781186548,-0.707106781186548,0,7.07106781186547,97.5,12.5,0,1,23,0
478,504,0.707106781186548,0.707106781186548,0,7.07106781186547,97.5,17.5,0,2,47,0
479,504,1,0,0,5,97.5,20,0,3,61,0
479,504,1,0,0,5,97.5,20,0,3,61,0
480,504,0.707106781186548,-0.707106781186548,0,7.07106781186547,97.5,22.5,0,1,24,0
480,506,0.707106781186548,0.707106781186548,0,7.07106781186547,97.5,27.5,0,2,44,0
481,506,1,0,0,5,97.5,30,0,3,62,0
481,506,1,0,0,5,97.5,30,0,3,62,0
482,506,0.707106781186548,-0.707106781186548,0,7.07106781186547,97.5,32.5,0,1,27,0
482,508,0.707106781186548,0.707106781186548,0,7.07106781186547,97.5,37.5,0,2,41,0
483,508,1,0,0,5,97.5,40,0,3,63,0
483,508,1,0,0,5,97.5,40,0,3,63,0
484,508,0.707106781186548,-0.707106781186548,0,7.07106781186547,97.5,42.5,0,1,30,0
484,510,0.707106781186548,0.707106781186548,0,7.07106781186547,97.5,47.5,0,2,38,0
485,510,1,0,0,5,97.5,50,0,3,64,0
485,510,1,0,0,5,97.5,50,0,3,64,0
486,510,0.707106781186548,-0.707106781186548,0,7.07106781186547,97.5,52.5,0,1,33,0
486,512,0.707106781186548,0.707106781186548,0,7.07106781186547,97.5,57.5,0,2,35,0
487,512,1,0,0,5,97.5,60,0,3,65,0
487,512,1,0,0,5,97.5,60,0,3,65,0
488,512,0.707106781186548,-0.707106781186548,0,7.07106781186547,97.5,62.5,0,1,36,0
488,514,0.707106781186548,0.707106781186548,0,7.07106781186547,97.5,67.5,0,2,32,0
489,514,1,0,0,5,97.5,70,0,3,66,0
489,514,1,0,0,5,97.5,70,0,3,66,0
490,514,0.707106781186548,-0.707106781186548,0,7.07106781186547,97.5,72.5,0,1,39,0
490,516,0.707106781186548,0.707106781186548,0,7.07106781186547,97.5,77.5,0,2,29,0
491,516,1,0,0,5,97.5,80,0,3,67,0
491,516,1,0,0,5,97.5,80,0,3,67,0
492,516,0.707106781186548,-0.707106781186548,0,7.07106781186547,97.5,82.5,0,1,42,0
492,518,0.707106781186548,0.707106781186548,0,7.07106781186547,97.5,87.5,0,2,26,0
493,518,1,0,0,5,97.5,90,0,3,68,0
493,518,1,0,0,5,97.5,90,0,3,68,0
494,518,0.707106781186548,-0.707106781186548,0,7.07106781186547,97.5,92.5,0,1,45,0
494,520,0.707106781186548,0.707106781186548,0,7.07106781186547,97.5,97.5,0,2,1,0
495,520,1,0,0,5,97.5,100,0,3,69,0
495,520,1,0,0,5,97.5,100,0,3,69,0
496,520,0.707106781186548,-0.707106781186548,0,7.07106781186547,97.5,102.5,0,1,48,0
496,522,0.707106781186548,0.707106781186548,0,7.07106781186547,97.5,107.5,0,2,3,0
497,522,1,0,0,5,97.5,110,0,3,70,0
497,522,1,0,0,5,97.5,110,0,3,70,0
498,522,0.707106781186548,-0.707106781186548,0,7.07106781186547,97.5,112.5,0,1,51,0
498,524,0.707106781186548,0.707106781186548,0,7.07106781186547,97.5,117.5,0,2,5,0
499,524,1,0,0,5,97.5,120,0,3,71,0
499,524,1,0,0,5,97.5,120,0,3,71,0
500,501,0,1,0,5,100,2.5,0,0,52,0
501,502,0,1,0,5,100,7.5,0,0,52,0
502,503,0,1,0,5,100,12.5,0,0,52,0
503,504,0,1,0,5,100,17.5,0,0,52,0
504,505,0,1,0,5,100,22.5,0,0,52,0
505,506,0,1,0,5,100,27.5,0,0,52,0
506,507,0,1,0,5,100,32.5,0,0,52,0
507,508,0,1,0,5,100,37.5,0,0,52,0
508,509,0,1,0,5,100,42.5,0,0,52,0
509,510,0,1,0,5,100,47.5,0,0,52,0
510,511,0,1,0,5,100,52.5,0,0,52,0
511,512,0,1,0,5,100,57.5,0,0,52,0
512,513,0,1,0,5,100,62.5,0,0,52,0
513,514,0,1,0,5,100,67.5,0,0,52,0
514,515,0,1,0,5,100,72.5,0,0,52,0
515,516,0,1,0,5,100,77.5,0,0,52,0
516,517,0,1,0,5,100,82.5,0,0,52,0
517,518,0,1,0,5,100,87.5,0,0,52,0
518,519,0,1,0,5,100,92.5,0,0,52,0
519,520,0,1,0,5,100,97.5,0,0,52,0
520,521,0,1,0,5,100,102.5,0,0,52,0
521,522,0,1,0,5,100,107.5,0,0,52,0
522,523,0,1,0,5,100,112.5,0,0,52,0
523,524,0,1,0,5,100,117.5,0,0,52,0
500,525,1,0,0,5,102.5,0,0,3,58,0
500,525,1,0,0,5,102.5,0,0,3,58,0
500,526,0.707106781186548,0.707106781186548,0,7.07106781186547,102.5,2.5,0,2,53,0
502,526,0.707106781186548,-0.707106781186548,0,7.07106781186547,102.5,7.5,0,1,23,0
502,527,1,0,0,5,102.5,10,0,3,60,0
502,527,1,0,0,5,102.5,10,0,3,60,0
502,528,0.707106781186548,0.707106781186548,0,7.07106781186547,102.5,12.5,0,2,50,0
504,528,0.707106781186548,-0.707106781186548,0,7.07106781186547,102.5,17.5,0,1,24,0
504,529,1,0,0,5,102.5,20,0,3,61,0
504,529,1,0,0,5,102.5,20,0,3,61,0
504,530,0.707106781186548,0.707106781186548,0,7.07106781186547,102.5,22.5,0,2,47,0
506,530,0.707106781186548,-0.707106781186548,0,7.07106781186547,102.5,27.5,0,1,27,0
506,531,1,0,0,5,102.5,30,0,3,62,0
506,531,1,0,0,5,102.5,30,0,3,62,0
506,532,0.707106781186548,0.707106781186548,0,7.07106781186547,102.5,32.5,0,2,44,0
508,532,0.707106781186548,-0.707106781186548,0,7.07106781186547,102.5,37.5,0,1,30,0
508,533,1,0,0,5,102.5,40,0,3,63,0
508,533,1,0,0,5,102.5,40,0,3,63,0
508,534,0.707106781186548,0.707106781186548,0,7.07106781186547,102.5,42.5,0,2,41,0
510,534,0.707106781186548,-0.707106781186548,0,7.07106781186547,102.5,47.5,0,1,33,0
510,535,1,0,0,5,102.5,50,0,3,64,0
510,535,1,0,0,5,102.5,50,0,3,64,0
510,536,0.707106781186548,0.707106781186548,0,7.07106781186547,102.5,52.5,0,2,38,0
512,536,0.707106781186548,-0.707106781186548,0,7.07106781186547,102.5,57.5,0,1,36,0
512,537,1,0,0,5,102.5,60,0,3,65,0
512,537,1,0,0,5,102.5,60,0,3,65,0
512,538,0.707106781186548,0.707106781186548,0,7.07106781186547,102.5,62.5,0,2,35,0
514,538,0.707106781186548,-0.707106781186548,0,7.07106781186547,102.5,67.5,0,1,39,0
514,539,1,0,0,5,102.5,70,0,3,66,0
514,539,1,0,0,5,102.5,70,0,3,66,0
514,540,0.707106781186548,0.707106781186548,0,7.07106781186547,102.5,72.5,0,2,32,0
516,540,0.707106781186548,-0.707106781186548,0,7.07106781186547,102.5,77.5,0,1,42,0
516,541,1,0,0,5,102.5,80,0,3,67,0
516,541,1,0,0,5,102.5,80,0,3,67,0
516,542,0.707106781186548,0.707106781186548,0,7.07106781186547,102.5,82.5,0,2,29,0
518,542,0.707106781186548,-0.707106781186548,0,7.07106781186547,102.5,87.5,0,1,45,0
518,543,1,0,0,5,102.5,90,0,3,68,0
518,543,1,0,0,5,102.5,90,0,3,68,0
518,544,0.707106781186548,0.707106781186548,0,7.07106781186547,102.5,92.5,0,2,26,0
520,544,0.707106781186548,-0.707106781186548,0,7.07106781186547,102.5,97.5,0,1,48,0
520,545,1,0,0,5,102.5,100,0,3,69,0
520,545,1,0,0,5,102.5,100,0,3,69,0
520,546,0.707106781186548,0.707106781186548,0,7.07106781186547,102.5,102.5,0,2,1,0
522,546,0.707106781186548,-0.707106781186548,0,7.07106781186547,102.5,107.5,0,1,51,0
522,547,1,0,0,5,102.5,110,0,3,70,0
522,547,1,0,0,5,102.5,110,0,3,70,0
522,548,0.707106781186548,0.707106781186548,0,7.07106781186547,102.5,112.5,0,2,3,0
524,548,0.707106781186548,-0.707106781186548,0,7.07106781186547,102.5,117.5,0,1,54,0
524,549,1,0,0,5,102.5,120,0,3,71,0
524,549,1,0,0,5,102.5,120,0,3,71,0
525,550,1,0,0,5,107.5,0,0,3,58,0
525,550,1,0,0,5,107.5,0,0,3,58,0
526,550,0.707106781186548,-0.707106781186548,0,7.07106781186547,107.5,2.5,0,1,23,0
526,552,0.707106781186548,0.707106781186548,0,7.07106781186547,107.5,7.5,0,2,53,0
527,552,1,0,0,5,107.5,10,0,3,60,0
527,552,1,0,0,5,107.5,10,0,3,60,0
528,552,0.707106781186548,-0.707106781186548,0,7.07106781186547,107.5,12.5,0,1,24,0
528,554,0.707106781186548,0.707106781186548,0,7.07106781186547,107.5,17.5,0,2,50,0
529,554,1,0,0,5,107.5,20,0,3,61,0
529,554,1,0,0,5,107.5,20,0,3,61,0
530,554,0.707106781186548,-0.707106781186548,0,7.07106781186547,107.5,22.5,0,1,27,0
530,556,0.707106781186548,0.707106781186548,0,7.07106781186547,107.5,27.5,0,2,47,0
531,556,1,0,0,5,107.5,30,0,3,62,0
531,556,1,0,0,5,107.5,30,0,3,62,0
532,556,0.707106781186548,-0.707106781186548,0,7.07106781186547,107.5,32.5,0,1,30,0
532,558,0.707106781186548,0.707106781186548,0,7.07106781186547,107.5,37.5,0,2,44,0
533,558,1,0,0,5,107.5,40,0,3,63,0
533,558,1,0,0,5,107.5,40,0,3,63,0
534,558,0.707106781186548,-0.707106781186548,0,7.07106781186547,107.5,42.5,0,1,33,0
534,560,0.707106781186548,0.707106781186548,0,7.07106781186547,107.5,47.5,0,2,41,0
535,560,1,0,0,5,107.5,50,0,3,64,0
535,560,1,0,0,5,107.5,50,0,3,64,0
536,560,0.707106781186548,-0.707106781186548,0,7.07106781186547,107.5,52.5,0,1,36,0
536,562,0.707106781186548,0.707106781186548,0,7.07106781186547,107.5,57.5,0,2,38,0
537,562,1,0,0,5,107.5,60,0,3,65,0
537,562,1,0,0,5,107.5,60,0,3,65,0
538,562,0.707106781186548,-0.707106781186548,0,7.07106781186547,107.5,62.5,0,1,39,0
538,564,0.707106781186548,0.707106781186548,0,7.07106781186547,107.5,67.5,0,2,35,0
539,564,1,0,0,5,107.5,70,0,3,66,0
539,564,1,0,0,5,107.5,70,0,3,66,0
540,564,0.707106781186548,-0.707106781186548,0,7.07106781186547,107.5,72.5,0,1,42,0
540,566,0.707106781186548,0.707106781186548,0,7.07106781186547,107.5,77.5,0,2,32,0
541,566,1,0,0,5,107.5,80,0,3,67,0
541,566,1,0,0,5,107.5,80,0,3,67,0
542,566,0.707106781186548,-0.707106781186548,0,7.07106781186547,107.5,82.5,0,1,45,0
542,568,0.707106781186548,0.707106781186548,0,7.07106781186547,107.5,87.5,0,2,29,0
543,568,1,0,0,5,107.5,90,0,3,68,0
543,568,1,0,0,5,107.5,90,0,3,68,0
544,568,0.707106781186548,-0.707106781186548,0,7.07106781186547,107.5,92.5,0,1,48,0
544,570,0.707106781186548,0.707106781186548,0,7.07106781186547,107.5,97.5,0,2,26,0
545,570,1,0,0,5,107.5,100,0,3,69,0
545,570,1,0,0,5,107.5,100,0,3,69,0
546,570,0.707106781186548,-0.707106781186548,0,7.07106781186547,107.5,102.5,0,1,51,0
546,572,0.707106781186548,0.707106781186548,0,7.07106781186547,107.5,107.5,0,2,1,0
547,572,1,0,0,5,107.5,110,0,3,70,0
547,572,1,0,0,5,107.5,110,0,3,70,0
548,572,0.707106781186548,-0.707106781186548,0,7.07106781186547,107.5,112.5,0,1,54,0
548,574,0.707106781186548,0.707106781186548,0,7.07106781186547,107.5,117.5,0,2,3,0
549,574,1,0,0,5,107.5,120,0,3,71,0
549,574,1,0,0,5,107.5,120,0,3,71,0
550,551,0,1,0,5,110,2.5,0,0,55,0
551,552,0,1,0,5,110,7.5,0,0,55,0
552,553,0,1,0,5,110,12.5,0,0,55,0
553,554,0,1,0,5,110,17.5,0,0,55,0
554,555,0,1,0,5,110,22.5,0,0,55,0
555,556,0,1,0,5,110,27.5,0,0,55,0
556,557,0,1,0,5,110,32.5,0,0,55,0
557,558,0,1,0,5,110,37.5,0,0,55,0
558,559,0,1,0,5,110,42.5,0,0,55,0
559,560,0,1,0,5,110,47.5,0,0,55,0
560,561,0,1,0,5,110,52.5,0,0,55,0
561,562,0,1,0,5,110,57.5,0,0,55,0
562,563,0,1,0,5,110,62.5,0,0,55,0
563,564,0,1,0,5,110,67.5,0,0,55,0
564,565,0,1,0,5,110,72.5,0,0,55,0
565,566,0,1,0,5,110,77.5,0,0,55,0
566,567,0,1,0,5,110,82.5,0,0,55,0
567,568,0,1,0,5,110,87.5,0,0,55,0
568,569,0,1,0,5,110,92.5,0,0,55,0
569,570,0,1,0,5,110,97.5,0,0,55,0
570,571,0,1,0,5,110,102.5,0,0,55,0
571,572,0,1,0,5,110,107.5,0,0,55,0
572,573,0,1,0,5,110,112.5,0,0,55,0
573,574,0,1,0,5,110,117.5,0,0,55,0
550,575,1,0,0,5,112.5,0,0,3,58,0
550,575,1,0,0,5,112.5,0,0,3,58,0
550,576,0.707106781186548,0.707106781186548,0,7.07106781186547,112.5,2.5,0,2,56,0
552,576,0.707106781186548,-0.707106781186548,0,7.07106781186547,112.5,7.5,0,1,24,0
552,577,1,0,0,5,112.5,10,0,3,60,0
552,577,1,0,0,5,112.5,10,0,3,60,0
552,578,0.707106781186548,0.707106781186548,0,7.07106781186547,112.5,12.5,0,2,53,0
554,578,0.707106781186548,-0.707106781186548,0,7.07106781186547,112.5,17.5,0,1,27,0
554,579,1,0,0,5,112.5,20,0,3,61,0
554,579,1,0,0,5,112.5,20,0,3,61,0
554,580,0.707106781186548,0.707106781186548,0,7.07106781186547,112.5,22.5,0,2,50,0
556,580,0.707106781186548,-0.707106781186548,0,7.07106781186547,112.5,27.5,0,1,30,0
556,581,1,0,0,5,112.5,30,0,3,62,0
556,581,1,0,0,5,112.5,30,0,3,62,0
556,582,0.707106781186548,0.707106781186548,0,7.07106781186547,112.5,32.5,0,2,47,0
558,582,0.707106781186548,-0.707106781186548,0,7.07106781186547,112.5,37.5,0,1,33,0
558,583,1,0,0,5,112.5,40,0,3,63,0
558,583,1,0,0,5,112.5,40,0,3,63,0
558,584,0.707106781186548,0.707106781186548,0,7.07106781186547,112.5,42.5,0,2,44,0
560,584,0.707106781186548,-0.707106781186548,0,7.07106781186547,112.5,47.5,0,1,36,0
560,585,1,0,0,5,112.5,50,0,3,64,0
560,585,1,0,0,5,112.5,50,0,3,64,0
560,586,0.707106781186548,0.707106781186548,0,7.07106781186547,112.5,52.5,0,2,41,0
562,586,0.707106781186548,-0.707106781186548,0,7.07106781186547,112.5,57.5,0,1,39,0
562,587,1,0,0,5,112.5,60,0,3,65,0
562,587,1,0,0,5,112.5,60,0,3,65,0
562,588,0.707106781186548,0.707106781186548,0,7.07106781186547,112.5,62.5,0,2,38,0
564,588,0.707106781186548,-0.707106781186548,0,7.07106781186547,112.5,67.5,0,1,42,0
564,589,1,0,0,5,112.5,70,0,3,66,0
564,589,1,0,0,5,112.5,70,0,3,66,0
564,590,0.707106781186548,0.707106781186548,0,7.07106781186547,112.5,72.5,0,2,35,0
566,590,0.707106781186548,-0.707106781186548,0,7.07106781186547,112.5,77.5,0,1,45,0
566,591,1,0,0,5,112.5,80,0,3,67,0
566,591,1,0,0,5,112.5,80,0,3,67,0
566,592,0.707106781186548,0.707106781186548,0,7.07106781186547,112.5,82.5,0,2,32,0
568,592,0.707106781186548,-0.707106781186548,0,7.07106781186547,112.5,87.5,0,1,48,0
568,593,1,0,0,5,112.5,90,0,3,68,0
568,593,1,0,0,5,112.5,90,0,3,68,0
568,594,0.707106781186548,0.707106781186548,0,7.07106781186547,112.5,92.5,0,2,29,0
570,594,0.707106781186548,-0.707106781186548,0,7.07106781186547,112.5,97.5,0,1,51,0
570,595,1,0,0,5,112.5,100,0,3,69,0
570,595,1,0,0,5,112.5,100,0,3,69,0
570,596,0.707106781186548,0.707106781186548,0,7.07106781186547,112.5,102.5,0,2,26,0
572,596,0.707106781186548,-0.707106781186548,0,7.07106781186547,112.5,107.5,0,1,54,0
572,597,1,0,0,5,112.5,110,0,3,70,0
572,597,1,0,0,5,112.5,110,0,3,70,0
572,598,0.707106781186548,0.707106781186548,0,7.07106781186547,112.5,112.5,0,2,1,0
574,598,0.707106781186548,-0.707106781186548,0,7.07106781186547,112.5,117.5,0,1,57,0
574,599,1,0,0,5,112.5,120,0,3,71,0
574,599,1,0,0,5,112.5,120,0,3,71,0
575,600,1,0,0,5,117.5,0,0,3,58,0
575,600,1,0,0,5,117.5,0,0,3,58,0
576,600,0.707106781186548,-0.707106781186548,0,7.07106781186547,117.5,2.5,0,1,24,0
576,602,0.707106781186548,0.707106781186548,0,7.07106781186547,117.5,7.5,0,2,56,0
577,602,1,0,0,5,117.5,10,0,3,60,0
577,602,1,0,0,5,117.5,10,0,3,60,0
578,602,0.707106781186548,-0.707106781186548,0,7.07106781186547,117.5,12.5,0,1,27,0
578,604,0.707106781186548,0.707106781186548,0,7.07106781186547,117.5,17.5,0,2,53,0
579,604,1,0,0,5,117.5,20,0,3,61,0
579,604,1,0,0,5,117.5,20,0,3,61,0
580,604,0.707106781186548,-0.707106781186548,0,7.07106781186547,117.5,22.5,0,1,30,0
580,606,0.707106781186548,0.707106781186548,0,7.07106781186547,117.5,27.5,0,2,50,0
581,606,1,0,0,5,117.5,30,0,3,62,0
581,606,1,0,0,5,117.5,30,0,3,62,0
582,606,0.707106781186548,-0.707106781186548,0,7.07106781186547,117.5,32.5,0,1,33,0
582,608,0.707106781186548,0.707106781186548,0,7.07106781186547,117.5,37.5,0,2,47,0
583,608,1,0,0,5,117.5,40,0,3,63,0
583,608,1,0,0,5,117.5,40,0,3,63,0
584,608,0.707106781186548,-0.707106781186548,0,7.07106781186547,117.5,42.5,0,1,36,0
584,610,0.707106781186548,0.707106781186548,0,7.07106781186547,117.5,47.5,0,2,44,0
585,610,1,0,0,5,117.5,50,0,3,64,0
585,610,1,0,0,5,117.5,50,0,3,64,0
586,610,0.707106781186548,-0.707106781186548,0,7.07106781186547,117.5,52.5,0,1,39,0
586,612,0.707106781186548,0.707106781186548,0,7.07106781186547,117.5,57.5,0,2,41,0
587,612,1,0,0,5,117.5,60,0,3,65,0
587,612,1,0,0,5,117.5,60,0,3,65,0
588,612,0.707106781186548,-0.707106781186548,0,7.07106781186547,117.5,62.5,0,1,42,0
588,614,0.707106781186548,0.707106781186548,0,7.07106781186547,117.5,67.5,0,2,38,0
589,614,1,0,0,5,117.5,70,0,3,66,0
589,614,1,0,0,5,117.5,70,0,3,66,0
590,614,0.707106781186548,-0.707106781186548,0,7.07106781186547,117.5,72.5,0,1,45,0
590,616,0.707106781186548,0.707106781186548,0,7.07106781186547,117.5,77.5,0,2,35,0
591,616,1,0,0,5,117.5,80,0,3,67,0
591,616,1,0,0,5,117.5,80,0,3,67,0
592,616,0.707106781186548,-0.707106781186548,0,7.07106781186547,117.5,82.5,0,1,48,0
592,618,0.707106781186548,0.707106781186548,0,7.07106781186547,117.5,87.5,0,2,32,0
593,618,1,0,0,5,117.5,90,0,3,68,0
593,618,1,0,0,5,117.5,90,0,3,68,0
594,618,0.707106781186548,-0.707106781186548,0,7.07106781186547,117.5,92.5,0,1,51,0
594,620,0.707106781186548,0.707106781186548,0,7.07106781186547,117.5,97.5,0,2,29,0
595,620,1,0,0,5,117.5,100,0,3,69,0
595,620,1,0,0,5,117.5,100,0,3,69,0
596,620,0.707106781186548,-0.707106781186548,0,7.07106781186547,117.5,102.5,0,1,54,0
596,622,0.707106781186548,0.707106781186548,0,7.07106781186547,117.5,107.5,0,2,26,0
597,622,1,0,0,5,117.5,110,0,3,70,0
597,622,1,0,0,5,117.5,110,0,3,70,0
598,622,0.707106781186548,-0.707106781186548,0,7.07106781186547,117.5,112.5,0,1,57,0
598,624,0.707106781186548,0.707106781186548,0,7.07106781186547,117.5,117.5,0,2,1,0
599,624,1,0,0,5,117.5,120,0,3,71,0
599,624,1,0,0,5,117.5,120,0,3,71,0
600,601,0,1,0,5,120,2.5,0,0,59,0
601,602,0,1,0,5,120,7.5,0,0,59,0
602,603,0,1,0,5,120,12.5,0,0,59,0
603,604,0,1,0,5,120,17.5,0,0,59,0
604,605,0,1,0,5,120,22.5,0,0,59,0
605,606,0,1,0,5,120,27.5,0,0,59,0
606,607,0,1,0,5,120,32.5,0,0,59,0
607,608,0,1,0,5,120,37.5,0,0,59,0
608,609,0,1,0,5,120,42.5,0,0,59,0
609,610,0,1,0,5,120,47.5,0,0,59,0
610,611,0,1,0,5,120,52.5,0,0,59,0
611,612,0,1,0,5,120,57.5,0,0,59,0
612,613,0,1,0,5,120,62.5,0,0,59,0
613,614,0,1,0,5,120,67.5,0,0,59,0
614,615,0,1,0,5,120,72.5,0,0,59,0
615,616,0,1,0,5,120,77.5,0,0,59,0
616,617,0,1,0,5,120,82.5,0,0,59,0
617,618,0,1,0,5,120,87.5,0,0,59,0
618,619,0,1,0,5,120,92.5,0,0,59,0
619,620,0,1,0,5,120,97.5,0,0,59,0
620,621,0,1,0,5,120,102.5,0,0,59,0
621,622,0,1,0,5,120,107.5,0,0,59,0
622,623,0,1,0,5,120,112.5,0,0,59,0
623,624,0,1,0,5,120,117.5,0,0,59,0
